#IATA,FR name,EN name,Province,AUTO/MAN,Latitude,Longitude,Elevation,# ICAO,# WMO,# MSC,DST Time Zone / Fuseau horaire �t�, STD Time Zone / Fuseau horaire heure normale
AAW,Shearwater,SHEARWATER RCS NS,NS,Auto,44.633333,-63.516667,25.5,CAAW,71264,8205092,ADT,AST
ABB,Bedford Basin,Bedford Basin,NS,Auto,44.7,-63.633333,3.5,CABB,71329,8200573,ADT,AST
ABF,Burgeo,Burgeo RCS,NL,Auto,47.616667,-57.616667,10.6,CABF,71152,8400801,NDT,NST
ABR,Bedford Range,Bedford Range,NS,Auto,44.75,-63.666667,9.6,CABR,71325,8200574,ADT,AST
ABT,Bouctouche AAC,Bouctouche CDA RCS,NB,Auto,46.416667,-64.766667,35.9,CABT,71666,8100593,ADT,AST
ACM,Cormack,Cormack RCS,NL,Auto,49.316667,-57.4,165.8,CACM,71367,8401295,NDT,NST
ACP,Baccaro Point,Baccaro PT,NS,Auto,43.45,-65.466667,4.6,CACP,71920,8200255,ADT,AST
ACQ,Miramichi,Miramichi RCS,NB,Auto,47.016667,-65.466667,33,CACQ,71744,8100989,ADT,AST
ADN,Doaktown,Doaktown Auto RCS,NB,Auto,46.583333,-66.016667,43,CADN,71038,8101201,ADT,AST
ADS,St. Lawrence,ST LAWRENCE,NL,Auto,46.916667,-55.383333,48.5,CADS,71110,8403619,NDT,NST
AEI,Eskasoni (Premi�res Nations),Eskasoni First Nation,NS,Auto,45.916667,-60.65,28,CAEI,71175,8201780,ADT,AST
AFC,Frederiction AAC,Fredericton CDA CS,NB,Auto,45.916667,-66.616667,35.084,CAFC,71668,8101605,ADT,AST
AFL,CHURCHILL FALLS NFLD,CHURCHILL FALLS NFLD,NL,Auto,53.55,-64.1,439.5,CAFL,8501130,NDT,NST,
AFY,Parc Fundy (Alma),FUNDY PARK (ALMA) CS,NB,Auto,45.6,-64.95,42.7,CAFY,71191,8101746,ADT,AST
AGL,Collegeville,Collegeville,NS,Auto,45.483333,-62.016667,61,CAGL,71698,8201001,ADT,AST
AHD,Halifax Dockyard,Halifax Dockyard,NS,Auto,44.65,-63.583333,3.8,CAHD,71328,8202240,ADT,AST
AHK,Halifax Kootenay,Halifax Kootenay,NS,Auto,44.583333,-63.55,52,CAHK,71326,8202252,ADT,AST
AHR,Harrington AAC,Harrington CDA CS,PE,Auto,46.35,-63.166667,53,CAHR,71350,830p001,ADT,AST
AHW,Halifax Windsor Park,Halifax Windsor Park,NS,Auto,44.65,-63.6,51,CAHW,71327,8202255,ADT,AST
AJT,Stephenville,Stephenville RCS NF,NL,Auto,48.566667,-58.566667,58,CAJT,71159,8403820,NDT,NST
AJW,St. John's West AAC,St John's West Climate,NL,Auto,47.516667,-52.783333,110,CAJW,71250,8403603,NDT,NST
AKC,Kouchibouguac,Kouchebouquac CS,NB,Auto,46.783333,-65.016667,21,CAKC,71670,8102328,ADT,AST
AMR,Millertown,Millertown RCS,NL,Auto,48.816667,-56.533333,203.6,CAMR,71856,8402757,NDT,NST
AMS,Mechanic Settlement,Mechanic Settlement,NB,Auto,45.7,-65.166667,403,CAMS,71787,8102848,ADT,AST
ANH,Stanhope,"STANHOPE CS,P.E.I.",PE,Auto,46.416667,-63.083333,3,CANH,8300590,ADT,AST,
AOH,Upper Stewiacke,Upper Stewiacke RCS,NS,Auto,45.233333,-63.05,23.5,CAOH,71753,8204193,ADT,AST
AOS,Osborne Head,Osborne Head,NS,Auto,44.616667,-63.416667,30,CAOS,71324,8204190,ADT,AST
APR,Parrsboro,Parrsboro RCS,NS,Auto,45.416667,-64.35,30.89,CAPR,71493,8204402,ADT,AST
AQY,Sydney,Sydney N.S.,NS,Auto,46.166667,-60.05,61.9,CAQY,71758,8205702,ADT,AST
ARP,Red Pines,Red Pines Automatic,NB,Auto,47.433333,-65.583333,124,CARP,71634,8104295,ADT,AST
ASF,Sussex - Four Corners,Sussex - Four Corners,NB,Auto,45.75,-65.533333,57.9,CASF,71656,8105210,ADT,AST
AVA,Bonavista,Bonavista,NL,Auto,48.666667,-53.116667,25.6,CAVA,71178,8400601,NDT,NST
AWR,Wreckhouse,Wreckhouse RCS,NL,Auto,47.7,-59.3,31.7,CAWR,71180,8404343,NDT,NST
BBC,A�roport de Bella Bella,Bella Bella Campbell Island,BC,Auto,52.18512,-128.1568,42.9,CBBC,71582,1060815,PDT,PST
EQI,Yarmouth RCS,Yarmouth RCS,NS,Auto,43.833333,-66.083333,36,CEQI,71884,8206491,ADT,AST
ERM,Edmundston,EDMUNDSTON,NB,Auto,47.416667,-68.316667,154.2,CERM,71590,8101303,ADT,AST
ERU,Emergency Weather Station #2,EMERGENCY WEATHER STATION #2,NS,Auto,44.733333,-64.45,135,CERU,8202195,ADT,AST,
ESA,�le de Sable,SABLE ISLAND  NOVA SCOTIA,NS,Auto,43.933333,-60.016667,5,CESA,71600,8204700,ADT,AST
EWD,Woodstock-Newbridge,Woodstock-Newbridge,NB,Auto,46.15,-67.533333,154,CEWD,71606,8105603,ADT,AST
GAH,"La Grande IV, Quebec","LA GRANDE IV, QUEBEC",QC,Auto,53.75,-73.666667,306.3,CGAH,71823,7093gj5,EDT,EST
GBC,Baie-Comeau Climat,"BAIE COMEAU, QUEBEC",QC,Auto,49.133333,-68.2,22.6,CGBC,71890,7040442,EDT,EST
GKL,Schefferville,"SCHEFFERVILLE, QUEBEC",QC,Auto,54.8,-66.8,517.2,CGKL,71828,7117827,EDT,EST
GMG,Matagami,"MATAGAMI, QUEBEC",QC,Auto,49.75,-77.8,281.03,CGMG,71821,7094637,EDT,EST
GRQ,"Trois-Rivieres, Quebec","TROIS-RIVIERES, QUEBEC",QC,Auto,46.366667,-72.683333,61.2,CGRQ,71729,7018563,EDT,EST
GVO,Val-D'Or,"VAL D'OR, QUEBEC",QC,Auto,48.05,-77.783333,338.88,CGVO,71725,7098603,EDT,EST
L2D,PA - KING CITY,PA KING CITY,ON,Auto,43.966667,-79.566667,367,CL2D,6156162,EDT,EST,
MFJ,Kuujjuara PIK,KUUJJUARAPIK QC,QC,Auto,55.366667,-77.616667,30,CMFJ,71615,7103539,EDT,EST
MFM,Foret Montmorency,FORET MONTMORENCY RCS,QC,Auto,47.316667,-71.15,672.83,CMFM,71212,7042395,EDT,EST
MFX,Salluit QC,SALLUIT QC,QC,Auto,62.183333,-75.666667,228,CMFX,71641,7117800,EDT,EST
MGB,Granby,GRANBY,QC,Auto,45.366667,-72.766667,87,CMGB,7022802,EDT,EST,
MIN,Pingualuit (Parc national),Parc national des Pingualuit,QC,Auto,61.316667,-73.666667,503,CMIN,71976,7115800,EDT,EST
MJI,Mont-Joli,MONT-JOLI,QC,Auto,48.6,-68.183333,54.5,CMJI,71658,7055122,EDT,EST
MJK,"Inukjuak, Quebec","INUKJUAK, QUEBEC",QC,Auto,58.466667,-78.083333,23.1,CMJK,71907,710s005,EDT,EST
MLU,Lemieux,LEMIEUX,QC,Auto,46.3,-72.066667,96.7,CMLU,71616,701q009,EDT,EST
MMY,Saint-Michel-des-Saints,SAINT-MICHEL-DES-SAINTS,QC,Auto,46.816667,-74.1,429.9,CMMY,71737,7077571,EDT,EST
MNT,Natashquan,"NATASHQUAN, QUEBEC",QC,Auto,50.183333,-61.8,10.7,CMNT,71813,7045401,EDT,EST
MQK,KANGIQSUJUAQ,KANGIQSUJUAQ,QC,Auto,61.583333,-71.9,145,CMQK,7113385,EDT,EST,
MRF,Rivi�re aux Feuilles,RIVIERE AUX FEUILLES,QC,Auto,57.916667,-72.983333,171.4,CMRF,71743,7116505,EDT,EST
MSI,Saint-Germain-de-Grantham,Saint Germain de Grantham,QC,Auto,45.816667,-72.533333,86,CMSI,71967,7027470,EDT,EST
MTH,Thetford Mines,THETFORD MINES RCS,QC,Auto,46.05,-71.266667,430,CMTH,71494,7028442,EDT,EST
MUS,Lac Megantic,Lac Megantic,QC,Auto,45.6,-70.883333,460.3,CMUS,7023680,EDT,EST,
NBB,Kugaaruk,Kugaaruk Climate,NU,Auto,68.533333,-89.8,15.8,CNBB,71407,2303094,MDT,MST
NBI,Bathurst Inlet,BATHURST INLET,NU,Auto,66.833333,-108.016667,5,CNBI,71874,2300551,MDT,MST
NCD,Cape Dorset,CAPE DORSET CLIMATE NU.,NU,Auto,64.233333,-76.533333,50,CNCD,71575,2400636,EDT,EST
NCN,CLINTON  RCS,CLINTON  RCS,BC,Auto,51.15,-121.5,1059,CNCN,71474,1161663,PDT,PST
NCO,Kugluktuk,KUGLUKTUK CLIMATE,NU,Auto,67.816667,-115.15,22.3,CNCO,71332,2300904,MDT,MST
NDT,Pond Inlet,POND INLET Climate NU.,NU,Auto,72.7,-77.95,64.7,CNDT,71576,2403204,EDT,EST
NEE,EDMONTON EER,EDMONTON EER,AB,Auto,0,CNEE,3012240,MDT,MST,,,
NEK,Eureka,EUREKA CLIMATE,NU,Auto,79.983333,-85.933333,10,CNEK,71613,2401199,CDT,CST
NES,EDMONTON SUD CAMPUS,EDMONTON SOUTH CAMPUS,AB,Auto,53.483333,-113.533333,670,CNES,3012220,MDT,MST,
NFR,Fort Ross,FORT ROSS,NU,Auto,72.016667,-94.2,10,CNFR,71629,2402051,EDT,EST
NGC,Grise Fiord,GRISE FIORD CLIMATE,NU,Auto,76.416667,-82.9,35.1,CNGC,71971,2402351,EDT,EST
NGH,Gateshead Island,GATESHEAD ISLAND,NU,Auto,70.633333,-100.266667,20,CNGH,71141,2402332,MDT,MST
NLB,Lindbergh,Lindbergh AGDM,AB,Auto,53.95,-110.583333,630,CNLB,71567,3013921,MDT,MST
NLD,Leedale,Leedale AGDM,AB,Auto,52.55,-114.466667,947,CNLD,71565,3023740,MDT,MST
NNR,Neir,NIER AGDM,AB,Auto,51.366667,-114.1,1145,CNNR,71495,3034795,MDT,MST
NPK,Pekisko,PEKISKO,AB,Auto,50.366667,-114.416667,1415,CNPK,71669,3055119,MDT,MST
NPL,Cape Liverpool,CAPE LIVERPOOL,NU,Auto,73.666667,-78.3,2,CNPL,2400675,MDT,MST,
NPV,CAPE PROVIDENCE,CAPE PROVIDENCE,NT,Auto,74.45,-112.166667,6,CNPV,2501419,MDT,MST,
NSG,SVARTEVAEG,SVARTEVAEG,NU,Auto,81.166667,-91.816667,72,CNSG,71872,2403833,CDT,CST
NSQ,A�roport de Sanikiluaq,SANIKILUAQ QC,NU,Auto,56.533333,-79.266667,34,CNSQ,71643,2303668,EDT,EST
NTK,Tomahawk,Tomahawk AGDM,AB,Auto,53.433333,-114.716667,814,CNTK,71566,3016505,MDT,MST
NTL,Tompkins Landing,TOMPKINS LANDING AGCM AB,AB,Auto,58.016667,-116.85,343,CNTL,3076530,MDT,MST,
NVQ,Norman Wells,NORMAN WELLS CLIMATE,NT,Auto,65.283333,-126.75,93.6,CNVQ,71480,2202810,MDT,MST
NZS,Coral Harbour ,Coral Harbour RCS,NU,Auto,64.183333,-83.35,57,CNZS,71134,2301010,EDT,EST
OTL,Big Trout Lake,"BIG TROUT LAKE, ONTARIO",ON,Auto,53.816667,-89.9,222.2,COTL,71208,6010740,CDT,CST
PAA,ALLIANCE,ALLIANCE AGCM,AB,Auto,52.316667,-111.783333,737,CPAA,71006,3010162,MDT,MST
PAC,ACADIA VALLEY,ACADIA VALLEY,AB,Auto,51.066667,-110.316667,735,CPAC,71048,3020035,MDT,MST
PAF,ATHABASCA ,ATHABASCA AGCM AB,AB,Auto,54.633333,-113.383333,635,CPAF,71271,3060330,MDT,MST
PAH,ALBERT HALL,ALBERT HALL AGCM,AB,Auto,53.116667,-111.183333,658,CPAH,71005,3010060,MDT,MST
PAT,ATLEE,ATLEE,AB,Auto,50.816667,-111,795,CPAT,71986,3020405,MDT,MST
PAV,ARDENVILLE,ARDENVILLE,AB,Auto,49.533333,-113.433333,1126,CPAV,3030200,MDT,MST,
PAZ,AZURE,AZURE,AB,Auto,50.516667,-114.016667,1143,CPAZ,71981,3030450,MDT,MST
PBA,Barons,BARONS AGCM,AB,Auto,50.033333,-113.216667,967,CPBA,71007,3030529,MDT,MST
PBB,Busby,BUSBY AGCM AB,AB,Auto,53.933333,-113.916667,714,CPBB,71284,3010979,MDT,MST
PBC,Ballater,BALLATER AGCM,AB,Auto,55.583333,-117.233333,560,CPBC,3070495,MDT,MST,
PBD,Black Diamond,BLACK DIAMOND,AB,Auto,50.7,-114.15,1156,CPBD,71982,3030680,MDT,MST
PBE,Beiseker,BEISEKER AGCM,AB,Auto,51.383333,-113.35,896,CPBE,71009,3020610,MDT,MST
PBH,BULLHORN HEADWATERS,BULLHORN HEADWATERS,AB,Auto,49.15,-113.55,1326,CPBH,71016,3050965,MDT,MST
PBL,Bellshill,BELLSHILL AGCM,AB,Auto,52.583333,-111.466667,721,CPBL,71010,3010650,MDT,MST
PBM,Beaver Mines,BEAVER MINES,AB,Auto,49.466667,-114.183333,1257,CPBM,71304,3050602,MDT,MST
PBN,Brownvale,BROWNVALE AGCM,AB,Auto,56.116667,-117.883333,748,CPBN,71283,3070800,MDT,MST
PBO,Brandom,Brandon,MB,Auto,49.9,-99.95,409.4,CPBO,71136,5010490,CDT,CST
PBR,BULLHORN COULEE RESERVOIR,BULLHORN COULEE RESERVOIR,AB,Auto,49.283333,-113.366667,1115,CPBR,71839,3050960,MDT,MST
PBS,Bassano,BASSANO AGCM,AB,Auto,50.9,-112.466667,807,CPBS,71008,3030540,MDT,MST
PBT,Blood Tribe,Blood Tribe Ag. Project AGDM,AB,Auto,49.716667,-113.05,980,CPBT,71517,3030720,MDT,MST
PBU,Bull Springs,BULL SPRINGS AGCM,AB,Auto,50.333333,-110.483333,780,CPBU,3030879,MDT,MST,
PBV,Big Valley,BIG VALLEY AGCM,AB,Auto,52,-112.8,870,CPBV,71011,3020679,MDT,MST
PCA,Cadogan,CADOGAN AGCM,AB,Auto,52.333333,-110.516667,690,CPCA,71012,3010992,MDT,MST
PCC,Crestomere,CRESTOMERE AGCM,AB,Auto,52.733333,-113.9,855,CPCC,71380,3011892,MDT,MST
PCE,Cereal,CEREAL AGCM,AB,Auto,51.283333,-110.816667,753,CPCE,3021463,MDT,MST,
PCH,Fort Chipewyan,FORT CHIPEWYAN RCS,AB,Auto,58.75,-111.1,238,CPCH,71056,3072659,MDT,MST
PCI,Calgary,CALGARY INT'L CS,AB,Auto,51.116667,-114,1082,CPCI,71393,3031094,MDT,MST
PCK,Pincher Creek,PINCHER CREEK CLIMATE,AB,Auto,49.516667,-114,1190,CPCK,71736,3035208,MDT,MST
PCL,Cabin Lake,CABIN LAKE AGCM,AB,Auto,51.016667,-111.216667,734,CPCL,3021000,MDT,MST,
PCM,Craigmyle,CRAIGMYLE AGCM,AB,Auto,51.783333,-112.25,845,CPCM,71013,3021912,MDT,MST
PCN,Cappon,CAPPON,AB,Auto,51.066667,-110.8,758,CPCN,3021200,MDT,MST,
PCR,GLENWOOD,GLENWOOD,AB,Auto,49.333333,-113.516667,1074,CPCR,71885,3032818,MDT,MST
PCS,Clear Hills,CLEAR HILLS AGCM AB,AB,Auto,56.533333,-117.933333,672,CPCS,3071661,MDT,MST,
PCY,Carway,CARWAY,AB,Auto,49,-113.383333,1354,CPCY,71488,3031402,MDT,MST
PDA,Delburne,DELBURNE AGCM AB,AB,Auto,52.183333,-113.183333,889,CPDA,71014,3012050,MDT,MST
PDB,Dewberry,DEWBERRY AGCM AB,AB,Auto,53.666667,-110.583333,616,CPDB,71359,3012073,MDT,MST
PDO,Deadwood,DEADWOOD AGCM AB,AB,Auto,56.716667,-117.55,551,CPDO,3071957,MDT,MST,
PDU,Dupre,DUPRE AGCM AB,AB,Auto,54.366667,-110.866667,556,CPDU,71414,3081690,MDT,MST
PEA,Edgerton,EDGERTON AGCM,AB,Auto,52.783333,-110.433333,649,CPEA,71360,3012192,MDT,MST
PEH,Enchant,ENCHANT AGDM,AB,Auto,50.183333,-112.433333,801,CPEH,71518,3032422,MDT,MST
PEL,Eaglesham,EAGLESHAM AGCM,AB,Auto,55.8,-117.883333,563,CPEL,71461,3072151,MDT,MST
PET,Etzikom,ETZIKOM AGCM AB,AB,Auto,49.55,-111.05,845,CPET,71409,3032450,MDT,MST
PFA,Ferintosh,FERINTOSH AGCM AB,AB,Auto,52.75,-112.85,795,CPFA,71673,3012590,MDT,MST
PFB,FORT ASSINIBOINE,FORT ASSINIBOINE AGCM AB,AB,Auto,54.416667,-114.766667,676,CPFB,71483,3062660,MDT,MST
PFE,Fleet,FLEET AGCM,AB,Auto,52.033333,-111.816667,823,CPFE,3012635,MDT,MST,
PFF,Finnegan AGCM,FINNEGAN AGCM,AB,Auto,51.05,-112.1,748,CPFF,3022650,MDT,MST,
PFI,Fincastle AGCM,FINCASTLE AGDM,AB,Auto,49.8,-112.033333,833,CPFI,71535,3032550,MDT,MST
PFM,Fort Macleod,FORT MACLEOD AGCM AB,AB,Auto,49.783333,-113.383333,978,CPFM,71789,3032683,MDT,MST
PFO,Forestburg,FORESTBURG AGCM,AB,Auto,52.55,-112.116667,721,CPFO,71674,3012653,MDT,MST
PGB,Gooseberry Lake,GOOSEBERRY LAKE AGCM,AB,Auto,52.1,-110.8,740,CPGB,3012871,MDT,MST,
PGC,Glenevis,GLENEVIS AGCM,AB,Auto,53.833333,-114.533333,670,CPGC,71500,3012818,MDT,MST
PGE,Gilt Edge North,GILT EDGE NORTH AGCM,AB,Auto,53.066667,-110.616667,647,CPGE,71791,3012790,MDT,MST
PGF,Great Falls Climate MB,Great Falls Climate MB,MB,Auto,50.466667,-96.016667,253,CPGF,71570,5031201,CDT,CST
PGH,"Gimli Climate, MAN","Gimli Climate, MAN",MB,Auto,50.633333,-97.05,230.1,CPGH,71748,5031042,CDT,CST
PGI,GLEICHEN AGCM AB,GLEICHEN AGCM AB,AB,Auto,50.933333,-112.933333,907,CPGI,71498,3032801,MDT,MST
PGL,GRASSY LAKE,GRASSY LAKE,AB,Auto,49.866667,-111.733333,783,CPGL,71788,3032927,MDT,MST
PGT,GLADSTONE AGCM,GLADSTONE AGCM,AB,Auto,52.983333,-112.283333,704,CPGT,3012810,MDT,MST,
PHA,HALKIRK AGCM AB,HALKIRK AGCM AB,AB,Auto,52.116667,-112.166667,843,CPHA,71792,3012999,MDT,MST
PHE,HEMARUKA AGCM AB,HEMARUKA AGCM AB,AB,Auto,51.783333,-111.216667,780,CPHE,71793,3013140,MDT,MST
PHR,HESPERO AGCM,HESPERO AGCM,AB,Auto,52.316667,-114.483333,965,CPHR,71540,3023200,MDT,MST
PHU,HUGHENDEN AGCM AB,HUGHENDEN AGCM AB,AB,Auto,52.583333,-110.783333,703,CPHU,71794,3013362,MDT,MST
PHW,HAWK HILLS AGCM,HAWK HILLS AGCM,AB,Auto,57.266667,-117.3,455,CPHW,71507,3073071,MDT,MST
PIA,IRVINE AGCM AB,IRVINE AGCM AB,AB,Auto,49.983333,-110.266667,795,CPIA,71795,3033550,MDT,MST
PIF,"Island Falls, SK RCS","Island Falls, SK RCS",SK,Auto,55.533333,-102.35,297.4,CPIF,71331,4063605,CST,CST
PII,ISLAND LAKE SUD,ISLAND LAKE SOUTH,AB,Auto,54.816667,-113.55,618.7,CPII,71654,3063600,MDT,MST
PIL,Loon Lake RCS,Loon Lake RCS,SK,Auto,54.016667,-109.133333,545.6,CPIL,71273,4064620,CST,CST
PIR,IRON SPRINGS AGDM,IRON SPRINGS AGDM,AB,Auto,49.9,-112.733333,858,CPIR,71528,3033498,MDT,MST
PJM,Estevan,ESTEVAN,SK,Auto,49.216667,-102.966667,580.6,CPJM,71559,4012410,CST,CST
PJT,JEAN COTE AGCM AB,JEAN COTE AGCM AB,AB,Auto,55.916667,-117.116667,638,CPJT,71541,3073535,MDT,MST
PKG,KEG RIVER AGCM AB,KEG RIVER AGCM AB,AB,Auto,57.783333,-117.683333,408,CPKG,3073644,MDT,MST,
PKI,KITSCOTY AGCM AB,KITSCOTY AGCM AB,AB,Auto,53.35,-110.416667,664,CPKI,71797,3013660,MDT,MST
PKO,KEOMA AGCM,KEOMA AGCM,AB,Auto,51.183333,-113.633333,945,CPKO,3033620,MDT,MST,
PKR,KINSELLA RESEARCH STATION,KINSELLA RESEARCH STATION,AB,Auto,53.05,-111.55,701,CPKR,3013647,MDT,MST,
PKY,ROCKY LANE AGCM AB,ROCKY LANE AGCM AB,AB,Auto,58.45,-116.483333,301,CPKY,3075550,MDT,MST,
PLA,LINDEN AGCM AB,LINDEN AGCM AB,AB,Auto,51.616667,-113.65,914,CPLA,71035,3023850,MDT,MST
PLC,LA CRETE AGCM,LA CRETE AGCM,AB,Auto,58.166667,-116.35,323,CPLC,71542,3073730,MDT,MST
PLE,LYNN LAKE RCS,LYNN LAKE RCS,MB,Auto,56.866667,-101.066667,354.2,CPLE,71632,5061649,CDT,CST
PLF,LEGAL AGCM AB,LEGAL AGCM AB,AB,Auto,54,-113.466667,680,CPLF,71544,3013790,MDT,MST
PLG,LA GLACE AGCM,LA GLACE AGCM,AB,Auto,55.416667,-119.25,760,CPLG,71543,3073740,MDT,MST
PLS,"Key Lake, SK","Key Lake, SK",SK,Auto,57.25,-105.6,513.9,CPLS,71033,4063753,CST,CST
PLY,ISPAS,ISPAS,AB,Auto,53.85,-111.833333,655,CPLY,3065712,MDT,MST,
PLZ,Lodge Creek,LODGE CREEK,AB,Auto,49.45,-110.333333,1068,CPLZ,3023900,MDT,MST,
PMA,Mannville,MANNVILLE AGCM AB,AB,Auto,53.45,-111.25,656,CPMA,71047,3014195,MDT,MST
PMB,Manyberries,MANYBERRIES AGCM AB,AB,Auto,49.366667,-110.683333,927,CPMB,71051,3044203,MDT,MST
PMK,Mankota,MANKOTA SK,SK,Auto,49.1,-107.016667,830,CPMK,71204,4034910,CST,CST
PML,Mossleigh,MOSSLEIGH AGCM AB,AB,Auto,50.666667,-113.35,965,CPML,71057,3034577,MDT,MST
PMN,Myrnam,MYRNAM AGCM AB,AB,Auto,53.716667,-111.116667,580,CPMN,71065,3014690,MDT,MST
PMR,ST. MARY RESERVOIR,ST. MARY RESERVOIR,AB,Auto,49.366667,-113.116667,1128,CPMR,71837,3056100,MDT,MST
PNB,EVANSBURG2 AGCM AB,EVANSBURG2 AGCM AB,AB,Auto,53.616667,-115.783333,785,CPNB,71481,3062476,MDT,MST
PNS,New Serepta,NEW SEREPTA AGCM AB,AB,Auto,53.266667,-113.166667,765,CPNS,71067,3014795,MDT,MST
PNU,SUNNYNOOK AGCM,SUNNYNOOK AGCM,AB,Auto,51.3,-111.383333,775,CPNU,3026264,MDT,MST,
PNX,Ranfurly,RANFURLY AUTO,AB,Auto,53.416667,-111.733333,687,CPNX,71637,3015401,MDT,MST
POX,Saskatoon,"Saskatoon, SK RCS",SK,Auto,52.166667,-106.716667,504.1,CPOX,71496,4057165,CST,CST
POY,Cypress River,Cypress River RCS,MB,Auto,49.55,-99.066667,374,CPOY,71239,5010641,CDT,CST
PPL,Pakowki Lake,PAKOWKI LAKE AGCM AB,AB,Auto,49.216667,-111.133333,915,CPPL,71070,3045000,MDT,MST
PPN,Social Plains,SOCIAL PLAINS AGCM,AB,Auto,50.733333,-110.216667,741,CPPN,3036040,MDT,MST,
PPR,Prince Albert Glass Field,PRINCE ALBERT GLASS FIELD RCS,SK,Auto,53.216667,-105.683333,425.45,CPPR,73002,4056243,CST,CST
PPT,Patricia,PATRICIA AGCM,AB,Auto,50.733333,-111.616667,726,CPPT,3025013,MDT,MST,
PQD,The Pas,"THE PAS, MAN",MB,Auto,53.816667,-101.2,270,CPQD,71695,5052890,CDT,CST
PQL,Lethbridge,Lethbridge Demo Farm AGDM,AB,Auto,49.683333,-112.75,903,CPQL,71509,3033897,MDT,MST
PQU,Queenstown,QUEENSTOWN,AB,Auto,50.6,-112.8,941,CPQU,71073,3035342,MDT,MST
PQW,North Battleford,NORTH BATTLEFORD RCS CR3000,SK,Auto,52.766667,-108.25,548,CPQW,71754,4045607,CST,CST
PRA,Rivercourse,RIVERCOURSE AGCM,AB,Auto,53.016667,-110.1,669,CPRA,71102,3015501,MDT,MST
PRD,Priddis Observatory,PRIDDIS OBSERVATORY,AB,Auto,50.866667,-114.3,1267,CPRD,3033505,MDT,MST,
PRE,RAINIER AGCM,RAINIER AGCM,AB,Auto,50.366667,-112.1,765,CPRE,3035355,MDT,MST,
PRF,Rycroft,RYCROFT AGCM,AB,Auto,55.783333,-118.666667,575,CPRF,71546,3075601,MDT,MST
PRH,Rolling Hills,ROLLING HILLS AGCM AB,AB,Auto,50.266667,-111.7,645,CPRH,71105,3035530,MDT,MST
PRJ,Yorkton,YORKTON,SK,Auto,51.266667,-102.466667,498.4,CPRJ,71886,4019073,CST,CST
PRL,Rosalind,ROSALIND AGCM,AB,Auto,52.783333,-112.433333,712,CPRL,71202,3015600,MDT,MST
PRO,Rosemary,ROSEMARY AGDM,AB,Auto,50.833333,-112.05,714,CPRO,71537,3035650,MDT,MST
PRR,MILK RIVER RIDGE RESERVOIR,MILK RIVER RIDGE RESERVOIR,AB,Auto,49.283333,-112.533333,1305,CPRR,71015,3044545,MDT,MST
PRS,Ribstone South,RIBSTONE SOUTH AGCM AB,AB,Auto,52.583333,-110.35,644,CPRS,71089,3015480,MDT,MST
PRW,Radway,RADWAY AGCM AB,AB,Auto,54,-112.883333,625,CPRW,71545,3015346,MDT,MST
PRY,Raymond,RAYMOND AGDM,AB,Auto,49.483333,-112.683333,937,CPRY,71536,3035422,MDT,MST
PSA,Sedalia,SEDALIA AGCM AB,AB,Auto,51.583333,-110.75,755,CPSA,71399,3015797,MDT,MST
PSD,Standard,STANDARD AGCM AB,AB,Auto,51.233333,-112.983333,901,CPSD,71440,3036086,MDT,MST
PSH,Shonts,SHONTS AGCM AB,AB,Auto,53.333333,-112.533333,679,CPSH,71405,3015900,MDT,MST
PSL,St. Lina,ST LINA AGCM AB,AB,Auto,54.283333,-111.45,619,CPSL,71548,3015673,MDT,MST
PSP,Spondin,SPONDIN AGCM,AB,Auto,51.816667,-111.683333,804,CPSP,71413,3016070,MDT,MST
PSQ,Sweetgrass Landing,SWEETGRASS LANDING,AB,Auto,58.85,-112,212,CPSQ,3076330,MDT,MST,
PSR,St. Albert,ST. ALBERT RESEARCH STATION,AB,Auto,53.7,-113.616667,687,CPSR,3025750,MDT,MST,
PST,Strathmore,STRATHMORE AGDM,AB,Auto,51.033333,-113.283333,967,CPST,71526,3036205,MDT,MST
PSU,Sioux Falls Climate,Sioux Falls Climate,Other,Auto,43.733333,-96.633333,482,CPSU,71168,9052008,CDT,CST
PSV,Seven Persons,SEVEN PERSONS AGDM,AB,Auto,49.916667,-110.916667,766,CPSV,71525,3035845,MDT,MST
PSW,Savanna,SAVANNA AGCM,AB,Auto,56.083333,-119.35,703,CPSW,71547,3075770,MDT,MST
PTA,Tawatinaw,TAWATINAW AGCM AB,AB,Auto,54.3,-113.516667,611,CPTA,71549,3066367,MDT,MST
PTC,Teepee Creek,TEEPEE CREEK AGCM AB,AB,Auto,55.35,-118.4,670,CPTC,71690,3076366,MDT,MST
PTE,Tide Lake,TIDE LAKE AGCM,AB,Auto,50.45,-111.316667,766,CPTE,3036485,MDT,MST,
PTG,Kleefeld,KLEEFELD (MAFRI),MB,Auto,49.533333,-96.916667,246.5,CPTG,71646,5021500,CDT,CST
PTH,Thorsby,THORSBY AGCM AB,AB,Auto,53.216667,-113.9,754,CPTH,71504,3016441,MDT,MST
PTR,Travers,TRAVERS AGCM,AB,Auto,50.3,-112.866667,955,CPTR,71848,3036500,MDT,MST
PTU,Tulliby Lake,TULLIBY LAKE AGCM,AB,Auto,53.666667,-110.083333,596,CPTU,71857,3016593,MDT,MST
PUN,Pilger,PILGER,SK,Auto,52.416667,-105.15,552,CPUN,71655,4056121,CST,CST
PVA,Viking,VIKING AGCM,AB,Auto,53.183333,-111.733333,711,CPVA,71888,3016841,MDT,MST
PVI,Vilna,VILNA AGCM AB,AB,Auto,54.133333,-111.916667,645,CPVI,71761,3016852,MDT,MST
PVR,VERGER,VERGER,AB,Auto,50.9,-111.95,723,CPVR,3026800,MDT,MST,
PWB,Wimborne,WIMBORNE AGCM,AB,Auto,51.933333,-113.583333,940,CPWB,71904,3027582,MDT,MST
PWT,Wetaskiwin,WETASKIWIN AGCM,AB,Auto,52.983333,-113.45,774,CPWT,71895,3017282,MDT,MST
PWX,Waseca,WASECA RCS,SK,Auto,53.116667,-109.4,638,CPWX,71663,4048521,CST,CST
PXB,Buffalo,BUFFALO AGCM,AB,Auto,50.8,-110.683333,723,CPXB,3020950,MDT,MST,
PXC,Blackie,BLACKIE AGCM,AB,Auto,50.533333,-113.633333,1019,CPXC,3030690,MDT,MST,
PXH,Hand Hills,HAND HILLS AGCM,AB,Auto,51.45,-112.133333,941,CPXH,3022990,MDT,MST,
PXL,Bow Island,BOW ISLAND IRRIGATION AGDM,AB,Auto,49.866667,-112.383333,799,CPXL,71519,3030772,MDT,MST
PXS,Sheerness,SHEERNESS AGCM,AB,Auto,51.466667,-111.65,852,CPXS,3025890,MDT,MST,
PXX,Ralston,RALSTON AGCM,AB,Auto,50.1,-111.216667,770,CPXX,3035362,MDT,MST,
PXZ,Lethbridge Agtech AGCM,LETHBRIDGE AGTECH AGCM,AB,Auto,49.65,-112.766667,916,CPXZ,3033877,MDT,MST,
PYQ,Churchill,Churchill Climate,MB,Auto,58.733333,-94.066667,28.5,CPYQ,71696,5060608,CDT,CST
PYS,Yellow Grass North,YELLOW GRASS NORTH,SK,Auto,49.816667,-104.183333,578,CPYS,73001,4019041,CDT,CST
PYT,Youngstown AGCM,YOUNGSTOWN AGCM,AB,Auto,51.483333,-111.216667,800,CPYT,3017705,MDT,MST,
PZC,Campsie,CAMPSIE AUTO,AB,Auto,54.133333,-114.683333,647,CPZC,71636,3061201,MDT,MST
PZH,Slave Lake,SLAVE LAKE RCS,AB,Auto,55.3,-114.783333,582.8,CPZH,71693,3065997,MDT,MST
PZK,Kirriemuir,KIRRIEMUIR AGCM,AB,Auto,51.916667,-110.366667,711,CPZK,3023660,MDT,MST,
PZL,Lathom,LATHOM AGCM,AB,Auto,50.6,-112.3,810,CPZL,3033770,MDT,MST,
PZN,Pinhorn,PINHORN AGCM,AB,Auto,49.033333,-111.033333,1061,CPZN,3045100,MDT,MST,
PZW,Warner,WARNER AGCM,AB,Auto,49.283333,-112.166667,1004,CPZW,3046951,MDT,MST,
TAG,Fort Frances,FORT FRANCES RCS,ON,Auto,48.65,-93.433333,342,CTAG,71962,6022474,EDT,EST
TBF,A�roport de Brandtford,BRANTFORD AIRPORT,ON,Auto,43.133333,-80.333333,245,CTBF,71602,6140942,EDT,EST
TBO,Brockville,BROCKVILLE CLIMATE ON,ON,Auto,44.633333,-75.75,120.4,CTBO,71161,6100970,EDT,EST
TBT,Beatrice,Beatrice Climate,ON,Auto,45.133333,-79.4,297.2,CTBT,71694,6110607,EDT,EST
TCK,Moose Creek Wells,MOOSE CREEK WELLS,ON,Auto,45.25,-74.966667,85.5,CTCK,71635,6105397,EDT,EST
TGT,Guelph Turfgrass,GUELPH TURFGRASS,ON,Auto,43.55,-80.216667,325,CTGT,71833,6143089,EDT,EST
TKG,Kingston,KINGSTON CLIMATE,ON,Auto,44.216667,-76.6,93,CTKG,71820,6104142,EDT,EST
TKR,Kenora,KENORA RCS,ON,Auto,49.783333,-94.366667,412.7,CTKR,71151,6034073,CDT,CST
TLS,Lake Superior Provincial Park,Lake Superior Provincial Park,ON,Auto,47.716667,-84.816667,400.6,CTLS,71640,6054425,EDT,EST
TMS,Timmins,TIMMINS CLIMATE ON,ON,Auto,48.55,-81.383333,294.4,CTMS,71193,6078282,EDT,EST
TNK,Porte est du parc Algonquin,Algonquin Park East gate CS,ON,Auto,45.533333,-78.266667,397,CTNK,71581,6080192,EDT,EST
TPM,Pembroke,Pembroke Climate ON.,ON,Auto,45.866667,-77.25,161,CTPM,71196,6106367,EDT,EST
TPQ,Peterborough Trent U,Peterborough Trent U,ON,Auto,44.35,-78.3,216,CTPQ,71672,6166456,EDT,EST
TRA,Rawson Lake,RAWSON LAKE,ON,Auto,49.65,-93.716667,435,CTRA,71855,6036907,CDT,CST
TRF,TORONTO SOLAR RADIATION,TORONTO SOLAR RADIATION,ON,Auto,43.666667,-79.4,166,CTRF,71626,6158352,EDT,EST
TRY,Mono Centre,MONO CENTRE,ON,Auto,44.033333,-80.016667,436,CTRY,71098,6157000,EDT,EST
TSB,Grand Sudbury,SUDBURY CLIMATE,ON,Auto,46.633333,-80.8,348,CTSB,71733,6068145,EDT,EST
TTR,Tobermory,Tobermory RCS,ON,Auto,45.233333,-81.633333,213,CTTR,71767,6128330,EDT,EST
TUX,Uxbridge,UXBRIDGE WEST,ON,Auto,44.1,-79.166667,325,CTUX,71932,6159123,EDT,EST
TWL,Welland-Pelham,Welland-Pelham,ON,Auto,42.966667,-79.333333,178,CTWL,71752,6139449,EDT,EST
TXR,Earlton,EARLTON CLIMATE,ON,Auto,47.7,-79.85,243.4,CTXR,71213,6072230,EDT,EST
TZE,Gore Bay Climat,GORE BAY CLIMATE,ON,Auto,45.883333,-82.566667,188.6,CTZE,71956,6092920,EDT,EST
TZR,Sarnia,Sarnia Climate,ON,Auto,43,-82.3,181,CTZR,71746,6127519,EDT,EST
VAS,Ashcroft,Ashcroft,BC,Auto,50.716667,-121.283333,327,CVAS,71681,1160515,PDT,PST
VBB,Burns Bog,DELTA BURNS BOG,BC,Auto,49.133333,-123,3.1,CVBB,71042,1102415,PDT,PST
VBD,A�roport de Bella Coola,BELLA COOLA AIRPORT,BC,Auto,52.383333,-126.75,35.7,CVBD,71533,1060844,PDT,PST
VBR,Burwash,BURWASH RCS,YT,Auto,61.366667,-139.033333,807,CVBR,71195,2100184,PDT,PST
VCL,Cultus Lake,CULTUS LAKE,BC,Auto,49.083333,-121.983333,45.7,CVCL,1102221,PDT,PST,
VCW,CLEARWATER AUTO,CLEARWATER AUTO,BC,Auto,51.65,-120.066667,438,CVCW,71645,1161650,PDT,PST
VFN,Fort Nelson,FORT NELSON,BC,Auto,58.833333,-122.566667,378.1,CVFN,71594,1192948,PDT,PST
VFS,Fort St. James,FORT ST JAMES AUTO,BC,Auto,54.45,-124.283333,688,CVFS,71933,1092975,MST,MST
VGE,A�roport de Golden,Golden Airport,BC,Auto,51.3,-116.983333,785,CVGE,71905,1173220,PDT,PST
VKU,Kelowna,KELOWNA UBCO,BC,Auto,49.933333,-119.4,456,CVKU,71644,1123996,PDT,PST
VLY,Lytton Climat,LYTTON RCS,BC,Auto,50.216667,-121.583333,225,CVLY,71765,1114746,PDT,PST
VME,Merritt,MERRIT,BC,Auto,50.116667,-120.783333,591,CVME,71557,1125073,PDT,PST
VMO,Richmond Operations Center,RICHMOND OPERATIONS CENTER,BC,Auto,49.183333,-123.083333,16,CVMO,71112,1105210,PDT,PST
VOC,Whistler - Nesters,WHISTLER - NESTERS,BC,Auto,50.133333,-122.95,659,CVOC,71687,1100875,PDT,PST
VOD,Callaghan Valley,CALLAGHAN VALLEY,BC,Auto,50.15,-123.116667,884,CVOD,71688,1101300,PDT,PST
VOI,Blackcomb base - sports de glisse,BLACKCOMB BASE SLIDING CENTER,BC,Auto,50.1,-122.933333,937,CVOI,71756,1100881,PDT,PST
VOM,Port Mellon,PORT MELLON,BC,Auto,49.533333,-123.5,122.6,CVOM,71605,1046332,PDT,PST
VOO,North Cowichan,NORTH COWICHAN,BC,Auto,48.816667,-123.716667,44.8,CVOO,71927,1015630,PDT,PST
VOP,A�roport de Powell River,POWELL RIVER AIRPORT,BC,Auto,49.833333,-124.5,125,CVOP,71720,1046392,PDT,PST
VOQ,A�roport de Qualicum Beach,QUALICUM BEACH AIRPORT,BC,Auto,49.333333,-124.4,58.2,CVOQ,71766,1026562,PDT,PST
VOU,A�roport de Sechelt,SECHELT AIRPORT,BC,Auto,49.45,-123.716667,86,CVOU,71638,1047172,PDT,PST
VPE,A�roport de Hope,HOPE AIRPORT Auto,BC,Auto,49.366667,-121.5,39,CVPE,71114,1113543,PDT,PST
VPX,Prince George Massey Auto,Prince George Massey Auto,BC,Auto,53.9,-122.783333,601,CVPX,1096454,PDT,PST,
VQZ,A�roport de Quesnel,QUESNEL AIRPORT auto,BC,Auto,53.033333,-122.5,545,CVQZ,71779,1096631,PDT,PST
VRA,A�roport de Revelstoke,REVELSTOKE AIRPORT Auto,BC,Auto,50.966667,-118.183333,444.7,CVRA,71882,1176755,PDT,PST
VSL,Ootsa Lake d�versoir de Skins Lake,OOTSA LAKE SKINS LAKE CLIMATE,BC,Auto,53.766667,-126,861,CVSL,71679,1085836,PDT,PST
VTF,Terminus du service de traversier de Tsawwassen,TSAWWASSEN FERRY Auto,BC,Auto,49,-123.133333,7.3,CVTF,1108291,PDT,PST,
VTS,Saturna Capmon,Saturna Capmon,BC,Auto,48.783333,-123.133333,182,CVTS,71914,1017099,PDT,PST
VVR,Vancouver,VANCOUVER SEA ISLAND CCG,BC,Auto,49.183333,-123.183333,2.11,CVVR,71608,1108380,PDT,PST
VXC,A�roport de Cranbrook,Cranbrook Airport Auto,BC,Auto,49.616667,-115.783333,926,CVXC,71660,1152106,PDT,PST
VXS,A�roport de Prince George,Prince George Airport AUTO,BC,Auto,53.883333,-122.666667,680,CVXS,71302,1096453,PDT,PST
VXY,Whitehorse,WHITEHORSE AUTO,YT,Auto,60.733333,-135.1,707,CVXY,71773,2101310,PDT,PST
VYD,A�roport de Smithers,Smithers Airport Auto,BC,Auto,54.816667,-127.183333,516.3,CVYD,71268,1077501,PDT,PST
VZP,A�roport de Sandspit,SANDSPIT AIRPORT,BC,Auto,53.25,-131.816667,6.4,CVZP,71101,1057051,PDT,PST
VZY,A�roport de Mackenzie,MACKENZIE AIRPORT RCS,BC,Auto,55.3,-123.133333,694,CVZY,71944,1184793,PDT,PST
WAE,Whistler,Whistler,BC,Manned,50.16667,-122.9,657.8,CWAE,1048899,PDT,PST,
WAF,�le Rouge,"ILE ROUGE, QUE.",QC,Auto,48.066667,-69.55,5.9,CWAF,71426,7043bp9,EDT,EST
WAG,La Scie,"LA SCIE, NFLD",NL,Auto,49.916667,-55.666667,192.5,CWAG,71337,8402520,NDT,NST
WAJ,Erieau,"ERIEAU, ONT",ON,Auto,42.25,-81.9,178,CWAJ,71465,613kllm,EDT,EST
WAQ,Coronach,CORONACH,SK,Auto,49.05,-105.483333,756,CWAQ,71516,40318mn,CST,CST
WAR,Argentia,"Argentia, NL",NL,Auto,47.3,-54,15,CWAR,71807,8400104,NDT,NST
WAS,Howe Sound - Pam Rocks,HOWE SOUND,BC,Auto,49.483333,-123.3,7.1,CWAS,71211,10459nn,PDT,PST
WAV,A�roport de Sundre,SUNDRE A,AB,Auto,51.766667,-114.683333,1114.4,CWAV,71248,3026knq,MDT,MST
WAY,MOULD BAY CS,MOULD BAY CS,NT,Auto,76.233333,-119.333333,12.2,CWAY,71989,250m001,MDT,MST
WBA,Barrage T�miscaming,BARRAGE TEMISCAMINGUE,QC,Auto,46.716667,-79.1,181.4,CWBA,71732,7080468,EDT,EST
WBD,Indian Head AAC,Indian Head RCS,SK,Auto,50.55,-103.65,579.1,CWBD,71515,4013480,CST,CST
WBE,Killarney,KILLARNEY,ON,Auto,45.966667,-81.483333,196.3,CWBE,71460,605dj25,EDT,EST
WBJ,Inner Whaleback Rocks,INNER WHALEBACKS,NT,Auto,61.916667,-113.716667,165.2,CWBJ,71162,2202560,MDT,MST
WBK,Caribou Point,"Caribou Point, N.S.",NS,Auto,45.766667,-62.683333,2.4,CWBK,71415,8200774,ADT,AST
WBM,Beaverlodge,BEAVERLODGE CDA,AB,Auto,55.2,-119.4,745,CWBM,71230,3070600,MDT,MST
WBO,Brooks,BROOKS ASCHRC,AB,Auto,50.55,-111.85,746.8,CWBO,71457,3030qlp,MDT,MST
WBS,Lac Saint-Pierre,LAC SAINT-PIERRE,QC,Auto,46.183333,-72.916667,16.2,CWBS,71198,701lp0n,EDT,EST
WBT,Longue-Pointe-de-Mingan,LONGUE-POINTE-DE-MINGAN,QC,Auto,50.266667,-64.233333,11,CWBT,71512,7044328,EDT,EST
WBU,Nipawin,Nipawin RCS,SK,Auto,53.333333,-104,371.9,CWBU,71312,407n51g,CST,CST
WBV,Beaver Island,"Beaver Island, NS",NS,Auto,44.816667,-62.333333,16,CWBV,71403,8200558,ADT,AST
WBY,Port Menier,PORT MENIER,QC,Auto,49.833333,-64.3,53.2,CWBY,71810,7056202,EDT,EST
WBZ,Saint-Anicet,ST-ANICET,QC,Auto,45.116667,-74.283333,49.1,CWBZ,71712,702fqlf,EDT,EST
WCA,A�roport de Cartwright,Cartwright,NL,Manned/Auto,53.68278,-57.04194,14.3,CWCA,71818,8501101,ADT,AST
WCF,Berens River,BERENS RIVER,MB,Auto,52.35,-97.033333,221.9,CWCF,71158,5030203,CDT,CST
WCH,Atikokan,"ATIKOKAN (AUT), ONTARIO",ON,Auto,48.75,-91.616667,389.3,CWCH,71747,6020lpq,CDT,EST
WCI,Caribou Island,CARIBOU ISLAND,ON,Auto,47.333333,-85.833333,187,CWCI,71433,6041222,EDT,EST
WCJ,Parc national Pukaskwa,"PUKASKWA NAT'L PARK, ONT",ON,Auto,48.6,-86.283333,189,CWCJ,71750,6046768,EDT,EST
WCO,Collingwood,COLLINGWOOD CS,ON,Auto,44.5,-80.216667,179.8,CWCO,71270,6111792,EDT,EST
WCT,Coronation,CORONATION CLIMATE ALBERTA,AB,Auto,52.066667,-111.45,791,CWCT,71318,3011887,MDT,MST
WDA,Englee,ENGLEE -NFLD,NL,Auto,50.716667,-56.116667,27.5,CWDA,71417,8401538,NDT,NST
WDC,Uranium City,URAINIUM CITY (AUT) SASK.,SK,Auto,59.566667,-108.483333,318.2,CWDC,71076,406qld0,CST,CST
WDE,Lac Benoit,LAC BENOIT,QC,Auto,51.533333,-71.116667,549,CWDE,71520,706i001,EDT,EST
WDH,"DANIEL'S HARBOUR, NFLD","DANIEL'S HARBOUR, NFLD",NL,Auto,50.233333,-57.583333,19,CWDH,71185,8401400,NDT,NST
WDI,Badger,"Badger, NL",NL,Auto,48.966667,-56.066667,104.9,CWDI,71400,8400301,NDT,NST
WDJ,Regina,Regina RCS Upgrade - May 2008,SK,Auto,50.433333,-104.666667,577.3,CWDJ,71514,4016699,CST,CST
WDK,Claresholm,CLARESHOLM,AB,Auto,50,-113.633333,1012,CWDK,71234,3031640,MDT,MST
WDO,Twillingate,"TWILLINGATE , NFLD.",NL,Auto,49.683333,-54.8,92.3,CWDO,71402,8404025,NDT,NST
WDP,Lac Manouane East,MANOUANE EST,QC,Auto,50.65,-70.533333,497,CWDP,71521,706i155,EDT,EST
WDQ,La Tuque,LA TUQUE,QC,Auto,47.416667,-72.783333,168.9,CWDQ,71378,707dbd4,EDT,EST
WDR,Discovery Island,DISCOVERY ISLAND,BC,Auto,48.416667,-123.233333,18.9,CWDR,71031,1012475,PDT,PST
WDT,Chute-Des-Passes,CHUTE-DES-PASSES,QC,Auto,49.833333,-71.166667,398.1,CWDT,71522,7061541,EDT,EST
WDU,Parc Olympique Canada,COP UPR CALGARY,AB,Auto,51.066667,-114.216667,1235,CWDU,71235,3031875,MDT,MST
WDV,Upsala,UPSALA (AUT),ON,Auto,49.033333,-90.466667,488.5,CWDV,71435,6049095,CDT,CST
WDW,St. Anthony,ST. ANTHONY,NL,Auto,51.383333,-56.1,29.3,CWDW,71558,8403399,NDT,NST
WDZ,Drumheller,DRUMHELLER EAST,AB,Auto,51.433333,-112.666667,678.2,CWDZ,71237,30221lg,MDT,MST
WEA,Pinawa,PINAWA,MB,Auto,50.183333,-96.066667,268,CWEA,71448,503b1er,CDT,CST
WEB,Estevan Point,ESTEVAN POINT RCS,BC,Auto,49.383333,-126.55,7.01,CWEB,71894,1032731,PDT,PST
WEC,Welcome Island,WELCOME ISLAND (AUT),ON,Auto,48.366667,-89.116667,209.4,CWEC,71751,6049443,EDT,EST
WEE,Chamouchouane,CHAMOUCHOUANE,QC,Auto,49.283333,-73.35,303.8,CWEE,71523,7061288,EDT,EST
WEF,St.Paul Island,"ST. PAUL ISLAND, N.S.",NS,Auto,47.233333,-60.133333,26.2,CWEF,71418,8204909,ADT,AST
WEH,Eastend,Eastend Cypress (AUT),SK,Auto,49.433333,-108.983333,1079.6,CWEH,71131,4032322,CST,CST
WEI,Melita,MELITA,MB,Auto,49.283333,-100.983333,445.9,CWEI,71447,501a7ar,CDT,CST
WEK,Grey Islet,GREY ISLET,BC,Auto,54.566667,-130.683333,9.5,CWEK,71476,1063303,PDT,PST
WEL,Entrance Island,ENTRANCE ISLAND,BC,Auto,49.216667,-123.8,8.7,CWEL,71772,1022689,PDT,PST
WEO,Lac Eon,LAC EON,QC,Auto,51.866667,-63.283333,588.9,CWEO,71421,704c64l,EDT,EST
WEP,East Point,"EAST POINT, PEI",PE,Auto,46.466667,-61.983333,7.7,CWEP,71412,8300418,ADT,AST
WEQ,Swan River,"SWAN RIVER, MAN.",MB,Auto,52.116667,-101.183333,334.8,CWEQ,71443,504k80k,CDT,CST
WER,�le d'Orl�ans,ILE D'ORLEANS,QC,Auto,47,-70.816667,5.2,CWER,71424,70132g9,EDT,EST
WEW,L'Assomption,L'ASSOMPTION,QC,Auto,45.816667,-73.433333,21,CWEW,71524,7014160,EDT,EST
WEX,Emerson,EMERSON MANITOBA,MB,Auto,49,-97.233333,242,CWEX,71560,5020881,CDT,CST
WEZ,Saturna Island,SATURNA ISLAND,BC,Auto,48.783333,-123.05,24.41,CWEZ,71473,1017101,PDT,PST
WFE,Parc national d'Elk Island,ELK ISLAND,AB,Auto,53.683333,-112.866667,716.2,CWFE,71238,3012275,MDT,MST
WFF,Melfort,Melfort,SK,Auto,52.816667,-104.6,490,CWFF,71456,4055079,CST,CST
WFG,Sartine Island,SARTINE ISLAND,BC,Auto,50.816667,-128.9,105.6,CWFG,71478,1037090,PDT,PST
WFJ,Cardston,CARDSTON,AB,Auto,49.2,-113.283333,1136,CWFJ,71153,3031322,MDT,MST
WFO,Flin Flon,FLIN FLON,MB,Auto,54.683333,-101.683333,304,CWFO,71954,5050919,CDT,CST
WFP,Nain,Nain,NL,Auto,56.55,-61.683333,7.6,CWFP,71665,8502799,ADT,AST
WFQ,Frelighsburg,FRELIGHSBURG,QC,Auto,45.033333,-72.85,224,CWFQ,71373,7022579,EDT,EST
WFW,Baie-Comeau,BAIE-COMEAU,QC,Auto,49.266667,-68.15,129.5,CWFW,71829,704s001,EDT,EST
WFX,Colville Lake,COLVILLE LAKE,NT,Auto,67.016667,-126.116667,271,CWFX,71055,2200824,MDT,MST
WFZ,Fort Reliance,FORT RELIANCE,NT,Auto,62.7,-109.15,167.6,CWFZ,71160,2201903,MDT,MST
WGB,BALLENAS ISLAND,BALLENAS ISLAND,BC,Auto,49.35,-124.166667,12.9,CWGB,71769,1020590,PDT,PST
WGD,Goderich,"GODERICH, ONT",ON,Auto,43.766667,-81.716667,213.7,CWGD,71261,6122847,EDT,EST
WGF,Garden River,GARDEN RIVER,AB,Auto,58.7,-113.866667,240.8,CWGF,71253,307kpfp,MDT,MST
WGL,Lagoon City,"LAGOON CITY, ONT",ON,Auto,44.55,-79.216667,220.7,CWGL,71282,6114295,EDT,EST
WGM,Porte du parc de Waterton,WATERTON GATE,AB,Auto,49.133333,-113.8,1296,CWGM,71154,3056214,MDT,MST
WGN,Gretna,GRETNA (AUT),MB,Auto,49.033333,-97.566667,252.6,CWGN,71441,5021220,CDT,CST
WGP,A�roport de Pemberton,PEMBERTON AIRPORT,BC,Auto,50.3,-122.733333,204.3,CWGP,71777,1086082,PDT,PST
WGR,�les de la Madeleine,ILES DE LA MADELEINE,QC,Auto,47.433333,-61.766667,7.6,CWGR,71710,7053kgr,ADT,AST
WGT,Sisters Islets,SISTERS ISLAND BC,BC,Auto,49.483333,-124.433333,20,CWGT,71781,1027403,PDT,PST
WGW,Sparwood,SPARWOOD,BC,Auto,49.75,-114.883333,1137.7,CWGW,71782,1157631,MDT,MST
WGX,Gillam,GILLAM,MB,Auto,56.366667,-94.7,145.3,CWGX,5060999,CDT,CST,
WGY,Esther,ESTHER 1,AB,Auto,51.666667,-110.2,707,CWGY,71240,301b460,MDT,MST
WGZ,A�roport de Grise Fiord,Grise Fiord,NU,Manned/Auto,76.42584,-82.90806,42.7,CWGZ,2402338,EDT,EST,
WHC,Vancouver Harbour,VANCOUVER HARBOUR,BC,Auto,49.3,-123.116667,2.5,CWHC,71201,1108446,PDT,PST
WHI,Three Hills,THREE HILLS,AB,Auto,51.766667,-113.2,857,CWHI,71249,3026479,MDT,MST
WHL,Holland Rock,Holland Rock,BC,Auto,54.166667,-130.366667,6.5,CWHL,71219,1063496,PDT,PST
WHN,JIMMY LAKE,JIMMY LAKE,SK,Auto,54.9,-109.966667,637.1,CWHN,71023,4063623,CST,CST
WHO,Hopedale,"HOPEDALE , NL.",NL,Auto,55.45,-60.216667,10.1,CWHO,71900,8502400,ADT,AST
WHP,Heath Point,"HEATH POINT, QUE.",QC,Auto,49.083333,-61.7,7.5,CWHP,71423,7053038,ADT,AST
WHQ,Deschambault,DESCHAMBAULT,QC,Auto,46.683333,-71.966667,61,CWHQ,71389,7011983,EDT,EST
WHT,Haines Junction,HAINES JUNCTION,YT,Auto,60.766667,-137.583333,595.3,CWHT,71505,2100630,PDT,PST
WHV,Beauceville,BEAUCEVILLE,QC,Auto,46.2,-70.783333,229.2,CWHV,71323,7028754,EDT,EST
WIC,ISACHSEN CS,ISACHSEN CS,NU,Auto,78.783333,-103.55,58,CWIC,71074,2402604,MDT,MST
WID,Fort Providence,FORT PROVIDENCE,NT,Auto,61.316667,-117.6,161.5,CWID,71087,2201799,MDT,MST
WIG,�le aux-Grues,ILE AUX GRUES,QC,Auto,47.066667,-70.533333,18.3,CWIG,701lbph,EDT,EST,
WII,Victoria Beach,VICTORIA BEACH,MB,Auto,50.7,-96.566667,220.1,CWII,71552,5032951,CDT,CST
WIJ,Lupin,LUPIN CS,NU,Auto,65.766667,-111.233333,496.5,CWIJ,71470,230n002,MDT,MST
WIK,Broadview,Broadview,SK,Auto,50.366667,-102.566667,599.8,CWIK,71861,4010879,CST,CST
WIL,"HAT ISLAND, NWT","HAT ISLAND, NWT",NU,Auto,68.316667,-100.083333,36.13,CWIL,71084,2302370,MDT,MST
WIP,Pointe-Noire,POINTE NOIRE,QC,Auto,50.166667,-66.433333,24,CWIP,71390,704q003,EDT,EST
WIS,Charlevoix,CHARLEVOIX,QC,Auto,47.283333,-70.633333,722.74,CWIS,71319,7041312,EDT,EST
WIT,Sainte-Clothilde,STE-CLOTHIDE,QC,Auto,45.166667,-73.683333,53,CWIT,71614,7027039,EDT,EST
WIW,Watrous,WATROUS EAST,SK,Auto,51.666667,-105.4,525.6,CWIW,71511,4018642,CST,CST
WIX,Mistook,MISTOOK,QC,Auto,48.6,-71.716667,112.5,CWIX,71381,7065012,EDT,EST
WIY,St. Leonard,"ST. LEONARD, N.B. (CR3000)",NB,Auto,47.15,-67.816667,245,CWIY,71019,810i001,ADT,AST
WIZ,L'Acadie,L'ACADIE,QC,Auto,45.3,-73.35,43.8,CWIZ,71372,702led4,EDT,EST
WJB,Sainte-Foy - Universit� Laval,STE-FOY (U. LAVAL),QC,Auto,46.766667,-71.283333,91.4,CWJB,71392,701q004,EDT,EST
WJD,Grand Rapids,Grand Rapids Man.,MB,Auto,53.183333,-99.283333,226,CWJD,71858,5031a10,CDT,CST
WJH,Southend,SOUTHEND,SK,Auto,56.333333,-103.283333,344.1,CWJH,71451,4067655,CST,CST
WJI,A�roport d'Assiniboia,ASSINIBOIA A,SK,Auto,49.733333,-105.933333,725.5,CWJI,71487,4020286,CST,CST
WJL,Fort Liard,FORT LIARD,NT,Auto,60.233333,-123.466667,213,CWJL,71497,2201579,MDT,MST
WJN,HERSCHEL ILE,HERSCHEL ISLAND,YT,Auto,69.566667,-138.916667,1.2,CWJN,71501,2100636,PDT,PST
WJO,Jonqui�re,JONQUIERE,QC,Auto,48.433333,-71.15,135.6,CWJO,71617,7063370,EDT,EST
WJR,Creston,CRESTON,BC,Auto,49.083333,-116.5,646.21,CWJR,71770,114b1f0,MST,MST
WJT,Saint-Jovite,ST-JOVITE,QC,Auto,46.083333,-74.55,238.5,CWJT,71376,703gdkb,EDT,EST
WJU,Langara Island,LANGARA ISLAND RCS,BC,Auto,54.25,-133.066667,49,CWJU,71903,1054503,PDT,PST
WJV,Vernon,VERNON AUTO,BC,Auto,50.216667,-119.2,482,CWJV,71115,1128582,PDT,PST
WJW,Poste de garde de Jasper,JASPER WARDEN,AB,Auto,52.933333,-118.033333,1020,CWJW,71486,3053536,MDT,MST
WJX,A�roport de Leader,Leader Airport,SK,Auto,50.9,-109.5,675.5,CWJX,71459,402daf0,CST,CST
WKA,Grief Point,GRIEF POINT,BC,Auto,49.8,-124.533333,10,CWKA,1043304,PDT,PST,
WKB,Corner Brook,"CORNER BROOK, NFLD",NL,Auto,48.933333,-57.916667,151.8,CWKB,71973,8401298,NDT,NST
WKD,Bonnard,BONNARD 1,QC,Auto,50.733333,-71.016667,498,CWKD,71383,7060826,EDT,EST
WKF,Lillooet,LILLOOET,BC,Auto,50.683333,-121.933333,239.9,CWKF,71999,1114619,PDT,PST
WKG,Kejimkujik Park,"KEJIMKUJIK, N.S.",NS,Auto,44.4,-65.2,125.9,CWKG,71599,8202592,ADT,AST
WKH,Malahat,MALAHAT,BC,Auto,48.583333,-123.533333,365.76,CWKH,71774,1014820,PDT,PST
WKK,Little Flatland Island,LITTLE FLATLAND ISLAND (AUT),ON,Auto,49.683333,-88.3,261,CWKK,71468,6049470,EDT,EST
WKM,"KOMAKUK BEACH, YT","KOMAKUK BEACH, YT",YT,Auto,69.6,-140.183333,13.18,CWKM,71046,2100682,PDT,PST
WKO,Rockglen,Rockglen,SK,Auto,49.166667,-105.983333,917,CWKO,71135,4036844,CST,CST
WKP,"KEATS POINT , NT","KEATS POINT , NT",NT,Auto,69.666667,-121.666667,330.2,CWKP,71058,2202663,MDT,MST
WKS,Sikanni Chief,Sikanni Chief,BC,Manned,57.25,-122.717,937,CWKS,1187336,PDT,PST,
WKV,Hope Slide,Hope Slide,BC,Manned,49.2833,-121.233,687.8,CWKV,1113582,PDT,PST,
WKW,"CAPE KAKKIVIAK, NFLD","CAPE KAKKIVIAK, NFLD",NL,Auto,59.983333,-64.166667,551.11,CWKW,71176,8500920,ADT,AST
WKX,A�roport de Dease Lake Climat,DEASE LAKE AIRPORT (AUT),BC,Auto,58.433333,-130.033333,800.665,CWKX,71222,119blm0,PDT,PST
WLB,Lac La Biche,"Lac La Biche, Alta",AB,Auto,54.766667,-112.016667,565.95,CWLB,71316,3063686,MDT,MST
WLC,Phare de Lucy Islands,LUCY ISLAND,BC,Auto,54.3,-130.616667,26.2,CWLC,71220,1064728,PDT,PST
WLE,Lucky Lake,Lucky Lake,SK,Auto,50.95,-107.15,664.7,CWLE,71455,4024714,CST,CST
WLF,Lansdowne House,"LANSDOWNE HOUSE (AUT),ONTARIO",ON,Auto,52.183333,-87.95,253.4,CWLF,71846,6014353,EDT,EST
WLG,Little Chicago,LITTLE CHICAGO,NT,Auto,67.166667,-130.216667,62.5,CWLG,71164,220b6q3,MDT,MST
WLI,"LIVERPOOL BAY, NWT","LIVERPOOL BAY, NWT",NT,Auto,69.6,-130.916667,101.88,CWLI,71960,220B68C,MDT,MST
WLJ,Meadow Lake,MEADOW LAKE,SK,Auto,54.133333,-108.516667,481,CWLJ,71970,406n0nm,CST,CST
WLM,Victoria Gonzales,VICTORIA GONZALES,BC,Auto,48.416667,-123.333333,69,CWLM,71200,1018611,PDT,PST
WLP,Herbert Island,Herbert Island (AUT),BC,Auto,50.933333,-127.633333,14.2,CWLP,71485,1063461,PDT,PST
WLS,Mount Forest,"MOUNT FOREST , CS",ON,Auto,43.983333,-80.75,414.5,CWLS,71631,6145504,EDT,EST
WLV,Waskesiu Lake,Waskesiu Lake,SK,Auto,53.916667,-106.066667,569.4,CWLV,71454,4068559,CST,CST
WLX,"LONGSTAFF BLUFF, NWT","LONGSTAFF BLUFF, NWT",NU,Auto,68.9,-75.133333,160.76,CWLX,71091,2402684,EDT,EST
WLY,Lytton,Lytton,BC,Auto,50.23333,-121.56667,225,CWLY,71812,1114738,PDT,PST
WME,Cathedral Point,CATHEDRAL POINT (AUT) 71482,BC,Auto,52.183333,-127.466667,25.7,CWME,71482,1061458,PDT,PST
WMI,Miscou Island,"MISCOU ISLAND, N.B.",NB,Auto,48.016667,-64.5,5,CWMI,71719,8103050,ADT,AST
WMJ,A�roport de Maniwaki,MANIWAKI AIRPORT,QC,Auto,46.266667,-76,199.7,CWMJ,71721,7034482,EDT,EST
WMM,Pitt Meadows,PITT MEADOWS,BC,Auto,49.2,-122.683333,5,CWMM,71775,1106178,PDT,PST
WMQ,Maple Creek,"Maple Creek, SK RCS",SK,Auto,49.9,-109.466667,766.7,CWMQ,71453,4024919,CST,CST
WMT,Lac la Martre,LAC LA MARTRE,NT,Auto,63.133333,-117.25,271.3,CWMT,71163,2202678,MDT,MST
WMX,Mildred Lake,MILDRED LK.,AB,Auto,57.033333,-111.566667,310,CWMX,71255,3064528,MDT,MST
WMZ,Western Islands,"Western Island, Ont",ON,Auto,45.033333,-80.366667,191.1,CWMZ,71438,6119m51,EDT,EST
WNB,Southeast Shoal,"S.E. SHOAL , ONT",ON,Auto,41.833333,-82.466667,195.3,CWNB,71466,6137937,EDT,EST
WNC,Cobourg,"COBOURG, ONT",ON,Auto,43.95,-78.166667,77.7,CWNC,71431,6151684,EDT,EST
WND,Pelly Island,PELLY ISLAND,NT,Auto,69.633333,-135.433333,12.1,CWND,71502,2203095,MDT,MST
WNE,North Cape,NORTH CAPE,PE,Auto,47.05,-64,7.6,CWNE,71987,8300516,ADT,AST
WNH,Rivi�re-du-Loup,RIVIERE-DU-LOUP,QC,Auto,47.8,-69.55,146.5,CWNH,71715,7056616,EDT,EST
WNK,Carman,CARMAN U OF M CS,MB,Auto,49.5,-98.033333,268.2,CWNK,71147,502i001,CDT,CST
WNL,Great Duck Island,Great Duck Island ON,ON,Auto,45.65,-82.966667,182,CWNL,71462,6093005,EDT,EST
WNM,A�roport de Nelson,NELSON AIRPORT,BC,Auto,49.483333,-117.3,534.9,CWNM,71776,1145m29,PDT,PST
WNP,A�roport de Nakusp,NAKUSP AIRPORT,BC,Auto,50.266667,-117.816667,512.1,CWNP,71216,1145297,PDT,PST
WNQ,Nicolet,NICOLET,QC,Auto,46.216667,-72.65,8,CWNQ,71723,7025442,EDT,EST
WNR,Nakiska Ridgetop,NAKISKA RIDGETOP,AB,Auto,50.933333,-115.183333,2543,CWNR,71245,305mgff,MDT,MST
WNS,North East Margaree,NORTHEAST MARGAREE,NS,Auto,46.366667,-60.983333,54,CWNS,8204154,ADT,AST,
WNV,Macmillan Pass,MacMillan Pass,YT,Auto,63.25,-130.033333,1379,CWNV,71990,2100693,PDT,PST
WNZ,Nagagami,"NAGAGAMI, ONT.",ON,Auto,49.75,-84.166667,264,CWNZ,71832,6075543,EDT,EST
WOC,New Carlisle,NEW-CARLISLE 1,QC,Auto,48.016667,-65.333333,46.4,CWOC,71619,7055422,EDT,EST
WOD,Normandin,NORMANDIN,QC,Auto,48.85,-72.55,137.2,CWOD,71379,7065639,EDT,EST
WOE,Onefour AAC,ONEFOUR CDA,AB,Auto,49.116667,-110.466667,935,CWOE,71116,3044923,MDT,MST
WOI,Parc national Ivvavik,IVVAVIK,YT,Auto,69.15,-140.15,243.8,CWOI,71978,2100660,PDT,PST
WOJ,Oak Point Marine,OAK POINT,MB,Auto,50.633333,-98.033333,250.9,CWOJ,71144,504k0nm,CDT,CST
WOK,Elbow,ELBOW CS,SK,Auto,51.133333,-106.583333,595,CWOK,71450,4022359,CST,CST
WON,Dawson,DAWSON CITY RCS,YT,Auto,64.05,-139.133333,370,CWON,71966,2100lrp,PDT,PST
WOO,McCreary,MCCREARY,MB,Auto,50.716667,-99.533333,351,CWOO,71149,5043158,CDT,CST
WOV,Breton,BRETON PLOTS,AB,Auto,53.1,-114.433333,851.5,CWOV,71233,3010816,MDT,MST
WOY,Wynyard,Wynyard (AUT) SK,SK,Auto,51.766667,-104.2,560.1,CWOY,71865,40190ln,CST,CST
WPA,Hendrickson Creek,HENDRICKSON CREEK,AB,Auto,53.8,-118.45,1448,CWPA,71979,3063135,MDT,MST
WPC,Port Colborne,"PORT COLBORNE, ON",ON,Auto,42.866667,-79.25,183.5,CWPC,71463,613f606,EDT,EST
WPD,L'ETAPE,L'ETAPE,QC,Auto,47.566667,-71.233333,791.2,CWPD,71382,7015791,EDT,EST
WPE,Point Lepreau,"POINT LEPREAU, N.B.",NB,Auto,45.066667,-66.45,6,CWPE,71699,8104201,ADT,AST
WPF,Port d'Esquimalt,ESQUIMALT HARBOUR,BC,Auto,48.433333,-123.433333,3.01,CWPF,71798,1012710,PDT,PST
WPG,Portage Southport,PORTAGE SOUTHPORT,MB,Auto,49.9,-98.266667,272.7,CWPG,71851,5012324,CDT,CST
WPK,Parent,"PARENT, QUE",QC,Auto,47.916667,-74.616667,444.708,CWPK,71726,7075800,EDT,EST
WPL,Pickle Lake,PICKLE LAKE 'A' (AUT),ON,Auto,51.466667,-90.2,391,CWPL,71835,6016525,EST,EST
WPN,A�roport de Pemberton (vent),Pemberton Airport (Wind),BC,Auto,50.3,-122.733333,203,CWPN,1086081,PDT,PST,
WPO,Pilot Mound,PILOT MOUND,MB,Auto,49.2,-98.9,474.6,CWPO,71148,5022125,CDT,CST
WPR,A�roport de Princeton,PRINCETON AIRPORT,BC,Auto,49.466667,-120.516667,696.5,CWPR,71032,112fn0m,PDT,PST
WPS,Long Point,LONG POINT ON,ON,Auto,42.566667,-80.05,175,CWPS,71464,6134f10,EDT,EST
WPU,A�roport de Mont Puntzi,PUNTZI MOUNTAIN AIRPORT (Aut),BC,Auto,52.116667,-124.133333,909.8,CWPU,71050,1086558,PDT,PST
WPX,"CAPE PEEL WEST, NWT","CAPE PEEL WEST, NWT",NU,Auto,69.033333,-107.816667,165.33,CWPX,71064,2400697,MDT,MST
WPZ,A�roport de Burns Lake,BURNS LAKE DECKER LAKE AIRPORT,BC,Auto,54.383333,-125.966667,713.2,CWPZ,71952,1091174,PDT,PST
WQB,Qu�bec,QUEBEC,QC,Auto,46.8,-71.383333,60,CWQB,71714,701s001,EDT,EST
WQC,Port Alberni,PORT ALBERNI AIRPORT,BC,Auto,49.316667,-124.933333,76.2,CWQC,71475,1036b06,PDT,PST
WQD,Pointe de l'lslet,POINTE DE L'ISLET,QC,Auto,48.133333,-69.716667,7,CWQD,71190,7046059,EDT,EST
WQF,Rabbit Kettle,RABBIT KETTLE,NT,Auto,61.966667,-127.216667,618,CWQF,71980,2203342,MDT,MST
WQH,Lennoxville,LENNOXVILLE,QC,Auto,45.366667,-71.816667,181,CWQH,71611,7024280,EDT,EST
WQK,Phare de Race Rocks,RACE ROCKS,BC,Auto,48.3,-123.533333,31,CWQK,71778,1016640,PDT,PST
WQL,Lethbridge AAC,LETHBRIDGE CDA,AB,Auto,49.7,-112.783333,921.1,CWQL,71243,3033890,MDT,MST
WQM,Cap-Rouge,CAP ROUGE,QC,Auto,48.366667,-70.533333,7.3,CWQM,71186,7041166,EDT,EST
WQO,�le Bicquette,ILE BICQUETTE,QC,Auto,48.416667,-68.9,7,CWQO,71385,705lkpq,EDT,EST
WQP,Point Petre,"POINT PETRE, ONT.",ON,Auto,43.833333,-77.15,78.6,CWQP,71430,6156559,EDT,EST
WQQ,Lacombe AAC,LACOMBE CDA 2,AB,Auto,52.45,-113.75,860,CWQQ,71242,3023722,MDT,MST
WQR,�le aux Perroquets,ILE AUX PERROQUETS,QC,Auto,50.216667,-64.2,9,CWQR,71375,7043b79,EDT,EST
WQS,Kindakun Rocks,KINDAKUN ROCKS,BC,Auto,53.316667,-132.766667,14.2,CWQS,71472,1054222,PDT,PST
WQV,Pointe Claveau,POINTE CLAVEAU,QC,Auto,48.266667,-70.116667,4,CWQV,71189,704607c,EDT,EST
WQW,Cap Whittle,CAPE WHITTLE,QC,Auto,50.166667,-60.066667,7,CWQW,71374,7041100,ADT,AST
WQY,Hanbury River,"HANBURY RIVER, N.W.T.",NT,Auto,63.6,-105.133333,317.4,CWQY,71963,2202351,MDT,MST
WRA,Cape Race,"CAPE RACE, NFLD.",NL,Auto,46.65,-53.066667,26.5,CWRA,71800,8401000,NDT,NST
WRD,Red Earth,RED EARTH,AB,Auto,56.533333,-115.266667,546,CWRD,71246,3075488,MDT,MST
WRF,CAM FOUR NU,CAM FOUR NU,NU,Auto,68.433333,-89.716667,324.45,CWRF,71918,2303093,CDT,CST
WRH,"RESOLUTION ISLAND, NWT","RESOLUTION ISLAND, NWT",NU,Auto,61.583333,-64.65,368.53,CWRH,71972,2403602,EDT,EST
WRJ,A�roport de Rosetown,ROSETOWN EAST,SK,Auto,51.566667,-107.916667,586,CWRJ,71510,4046884,CST,CST
WRK,Bancroft,"BANCROFT, ONT",ON,Auto,45.066667,-77.883333,330.7,CWRK,71294,616i001,EDT,EST
WRM,Rocky Mountain House,Rocky Mountain House CS,AB,Auto,52.416667,-114.9,988.2,CWRM,71928,3015523,MDT,MST
WRN,Hart Island,"HART ISLAND, N.S.",NS,Auto,45.35,-60.983333,8.2,CWRN,71419,8202318,ADT,AST
WRO,Rose Spit,ROSE SPIT,BC,Auto,54.166667,-131.666667,6.6,CWRO,71477,1056869,PDT,PST
WRR,Rock River,Rock River YT,YT,Auto,66.983333,-136.216667,731,CWRR,71506,2100935,PDT,PST
WRT,Crowsnest,CROWSNEST,AB,Auto,49.616667,-114.483333,1303,CWRT,71236,3051r4r,MDT,MST
WRU,Solander Island,SOLANDER ISLAND,BC,Auto,50.116667,-127.933333,90.8,CWRU,71479,1037553,PDT,PST
WRV,Camrose,CAMROSE,AB,Auto,53.033333,-112.816667,739,CWRV,71254,3011240,MDT,MST
WRY,Milk River,MILK RIVER,AB,Auto,49.133333,-112.05,1050,CWRY,71244,3044533,MDT,MST
WRZ,Cap-d'Espoir,CAP-D'ESPOIR,QC,Auto,48.416667,-64.316667,15.4,CWRZ,71429,7051050,EDT,EST
WSA,�le de Sable,Sable Island,NS,Auto,43.92944,-59.95972,1.5,CWSA,71595,8204703,ADT,AST
WSB,Point Atkinson,POINT ATKINSON,BC,Auto,49.333333,-123.266667,16,CWSB,71037,1106200,PDT,PST
WSD,Summerside,SUMMERSIDE CS,PE,Auto,46.433333,-63.833333,12.2,CWSD,71702,8300596,ADT,AST
WSE,Stony Plain Climat,Edmonton Stony Plain,AB,Manned,53.53,-114.1,766,CWSE,71119,301222F,MDT,MST
WSF,Rivi�re-la-Madeleine,CAP-MADELEINE,QC,Auto,49.25,-65.333333,29,CWSF,71425,7051163,EDT,EST
WSG,Cap-Chat,CAP-CHAT,QC,Auto,49.116667,-66.65,5,CWSG,71428,705s002,EDT,EST
WSK,A�roport de Squamish,SQUAMISH AIRPORT,BC,Auto,49.783333,-123.166667,52.11,CWSK,71207,10476f0,PDT,PST
WSL,Salmon Arm,SALMON ARM,BC,Auto,50.7,-119.283333,350.52,CWSL,71218,116frmn,PDT,PST
WSN,London,LONDON CS ONTARIO,ON,Auto,43.033333,-81.15,278,CWSN,71622,6144478,EDT,EST
WSP,Sheringham Point,SHERINGHAM POINT,BC,Auto,48.383333,-123.916667,25,CWSP,71780,1017254,PDT,PST
WSQ,Parc national Aulavik,NANGMAGVIK LAKE,NT,Auto,74.133333,-119.983333,32,CWSQ,71974,2500440,MDT,MST
WSR,Spiritwood,SPIRITWOOD WEST,SK,Auto,53.366667,-107.55,584.3,CWSR,71133,4067723,CST,CST
WSS,St. Stephen,"St. Stephen, NB",NB,Auto,45.216667,-67.25,26.1,CWSS,71607,8104935,ADT,AST
WST,La Pocati�re,LA POCATIERE,QC,Auto,47.35,-70.033333,31,CWST,71713,7054096,EDT,EST
WSU,Sprague,SPRAGUE,MB,Auto,49.016667,-95.6,328.8,CWSU,71449,5022759,CDT,CST
WSV,A�roport de Blue River,BLUE RIVER AIRPORT,BC,Auto,52.133333,-119.283333,682.8,CWSV,71883,1160h99,PDT,PST
WSW,A�roport de Sparwood,Sparwood/Elk Valley,BC,Manned/Auto,49.83336,-114.88435,1158.2,CWSW,1157632,MDT,MST,
WSY,Sachs Harbour,SACHS HARBOUR,NT,Auto,72,-125.266667,87.5,CWSY,71467,2503648,MDT,MST
WSZ,Fisher Branch,"FISHER BRANCH, MAN",MB,Auto,51.083333,-97.216667,253,CWSZ,71442,50309j6,CDT,CST
WTA,McTavish,MC TAVISH,QC,Auto,45.5,-73.566667,72.8,CWTA,71612,7024745,EDT,EST
WTG,Pointe-des-Monts,POINTE-DES-MONTS,QC,Auto,49.316667,-67.383333,5.9,CWTG,71427,704f0pn,EDT,EST
WTH,Tetsa River,Tetsa River,BC,Manned,58.65,-123.95,810,CWTH,1195800,PDT,PST,
WTM,Marticot Island,"Marticot Island, NF",NL,Auto,47.333333,-54.566667,26.6,CWTM,71692,840kn90,ADT,AST
WTN,Cap Tourmente,CAP-TOURMENTE,QC,Auto,47.083333,-70.783333,6,CWTN,71384,7041jg6,EDT,EST
WTQ,Montr�al,MONTREAL/PIERRE ELLIOT TRUDEAU,QC,Auto,45.466667,-73.75,32.1,CWTQ,71183,702s006,EDT,EST
WTS,Scott AAC,SCOTT CDA,SK,Auto,52.366667,-108.833333,659.6,CWTS,71489,4047240,CST,CST
WTT,Lac Memphremagog,LAC MEMPHREMAGOG,QC,Auto,45.266667,-72.166667,208.7,CWTT,702cfgg,EDT,EST,
WTU,"TUKIALIK BAY, NFLD","TUKIALIK BAY, NFLD",NL,Auto,54.7,-58.35,682.63,CWTU,71179,8503992,ADT,AST
WTX,Royal Island,ROYAL ISLAND,ON,Auto,49.466667,-94.766667,329,CWTX,71859,6037201,CDT,CST
WTY,Trois-Rivi�res,TROIS-RIVIERES,QC,Auto,46.35,-72.516667,6,CWTY,71724,7018562,EDT,EST
WUK,Chapais,CHAPAIS,QC,Auto,49.816667,-74.983333,381.1,CWUK,71824,7091299,EDT,EST
WUM,Faro,FARO RCS,YT,Auto,62.2,-133.383333,716.6,CWUM,71949,2100518,PDT,PST
WUP,"CAPE HOOPER, NWT","CAPE HOOPER, NWT",NU,Auto,68.466667,-66.8,390.06,CWUP,71093,2400660,EDT,EST
WUS,Summerland,SUMMERLAND CDA,BC,Auto,49.566667,-119.65,454.2,CWUS,71768,112g8l1,PDT,PST
WUT,Shoal Lake,SHOAL LAKE,MB,Auto,50.45,-100.6,561.3,CWUT,71150,5012654,CDT,CST
WUX,La Baie,LA BAIE,QC,Auto,48.3,-70.916667,151.6,CWUX,71388,706q001,EDT,EST
WUY,Rouyn,ROUYN,QC,Auto,48.25,-79.033333,318,CWUY,71734,7086716,EDT,EST
WVC,Swift Current,"SWIFT CURRENT, SK RCS",SK,Auto,50.266667,-107.733333,825,CWVC,71446,4028060,CST,CST
WVD,"FOX FIVE, NU","FOX FIVE, NU",NU,Auto,67.533333,-63.783333,584.36,CWVD,71096,2400570,EDT,EST
WVF,Phare de Sand Heads,SANDHEADS,BC,Auto,49.1,-123.3,11,CWVF,71209,1107010,PDT,PST
WVH,"STORM HILLS, NWT","STORM HILLS, NWT",NT,Auto,68.9,-133.933333,260.78,CWVH,71052,220LQJJ,MDT,MST
WVI,Vegreville,VEGREVILLE AEC,AB,Auto,53.516667,-112.1,639.3,CWVI,71458,3016gf0,MDT,MST
WVN,Val Marie,VAL MARIE SE,SK,Auto,49.066667,-107.583333,796,CWVN,71137,4038412,CST,CST
WVO,Vauxhall AAC,VAUXHALL CDA CS,AB,Auto,50.05,-112.133333,779,CWVO,71251,3036682,MDT,MST
WVP,Parc provincial de Cypress Hills,CYPRESS HILLS,SK,Auto,49.65,-109.516667,1270.6,CWVP,71139,4031999,CST,CST
WVQ,Sainte-Anne-de-Bellevue,STE-ANNE-DE-BELLEVUE,QC,Auto,45.433333,-73.933333,39,CWVQ,71377,702fhl8,EDT,EST
WVT,Buffalo Narrows,Buffalo Narrows RCS - 23X,SK,Auto,55.833333,-108.433333,440.1,CWVT,71077,4060983,CST,CST
WVU,Brier Island,Brier Island,NS,Auto,44.283333,-66.35,27,CWVU,71988,8200604,ADT,AST
WVW,Grates Cove,"GRATES COVE, NFLD",NL,Auto,48.166667,-52.933333,17.9,CWVW,71336,840b053,NDT,NST
WWA,West Vancouver,WEST VANCOUVER AUT,BC,Auto,49.35,-123.2,170,CWWA,71784,1108824,PDT,PST
WWB,Pont levant de Burlington,BURLINGTON PIERS,ON,Auto,43.3,-79.8,77.4,CWWB,71437,6151061,EDT,EST
WWC,Collins Bay,Collins Bay,SK,Auto,58.216667,-103.666667,412.6,CWWC,71075,4061620,CST,CST
WWE,Western Head,"WESTERN HEAD, N.S.",NS,Auto,43.983333,-64.666667,10.06,CWWE,71411,8206240,ADT,AST
WWF,Weyburn,WEYBURN,SK,Auto,49.7,-103.8,588.6,CWWF,71452,401hp5r,CST,CST
WWK,White Rock,WHITE ROCK,BC,Auto,49.016667,-122.783333,13.01,CWWK,71785,1108910,PDT,PST
WWL,Bonilla Island,BONILLA ISLAND 71484,BC,Auto,53.5,-130.633333,14.9,CWWL,71484,1060r0k,PDT,PST
WWN,Peawanuck,PEAWANUCK  A (AUT),ON,Auto,54.983333,-85.433333,52,CWWN,71434,6016295,CDT,CST
WWO,Willow Creek (Jasper National Park),WILLOW CREEK 1,AB,Auto,53.383333,-118.35,1370,CWWO,71252,306ge70,MDT,MST
WWP,Wasagaming,WASAGAMING,MB,Auto,50.65,-99.933333,627.4,CWWP,71444,5013117,CDT,CST
WWQ,Muncho Lake,Muncho Lake,BC,Manned,59.0167,-125.767,836.5,CWWQ,1195251,PDT,PST,
WWS,George Island,"GEORGE ISLAND, MAN",MB,Auto,52.8,-97.633333,222.5,CWWS,71445,5030984,CDT,CST
WWX,�le Cove,COVE ISLAND ON.,ON,Auto,45.333333,-81.733333,180.7,CWWX,71439,61219j2,EDT,EST
WWZ,Port Weller,"Port Weller, Ont",ON,Auto,43.25,-79.216667,79,CWWZ,71432,6136699,EDT,EST
WXA,Bow Valley,BOW VALLEY,AB,Auto,51.083333,-115.066667,1297.5,CWXA,71232,3050778,MDT,MST
WXB,Roblin,ROBLIN,MB,Auto,51.183333,-101.366667,539.5,CWXB,71553,5012469,CDT,CST
WXC,Onatchiway,ONATCHIWAY,QC,Auto,48.9,-71.033333,304,CWXC,71387,7065738,EDT,EST
WXG,Last Mountain,Last Mountain 23X,SK,Auto,51.416667,-105.25,497,CWXG,71556,4014156,CST,CST
WXI,Ferolle Point,"Ferrole Point, NL. CR10x_V24",NL,Auto,51.016667,-57.1,7.8,CWXI,71406,8401565,NDT,NST
WXL,Bow Island Climat,BOW ISLAND,AB,Auto,49.616667,-111.45,838,CWXL,71231,3030768,MDT,MST
WXN,Stavely AAC,STAVELY WEST AAFC,AB,Auto,50.183333,-113.883333,1363.64,CWXN,71555,3036099,MDT,MST
WXP,Pangnirtung,Pangnirtung CS,NU,Auto,66.15,-65.716667,32,CWXP,71826,2403049,MDT,MST
WXR,"CROKER RIVER, NWT","CROKER RIVER, NWT",NU,Auto,69.266667,-119.216667,69.4,CWXR,71059,230J01Q,MDT,MST
WXS,Bas Caraquet,BAS CARAQUET,NB,Auto,47.8,-64.833333,5,CWXS,71598,8100467,ADT,AST
WYE,OUTLOOK  PFRA,OUTLOOK  PFRA,SK,Auto,51.483333,-107.05,541,CWYE,71551,4055736,CST,CST
WYF,Thomsen River,THOMSEN RIVER,NT,Auto,73.216667,-119.533333,41.5,CWYF,71916,2503886,MDT,MST
WYH,RAE LAKES,RAE LAKES,NT,Auto,64.1,-117.316667,223.2,CWYH,71165,2203359,MDT,MST
WYI,Pool's Island,"POOLS ISLAND, NF",NL,Auto,49.116667,-53.583333,9.7,CWYI,71931,840br7c,NDT,NST
WYJ,Universit� de Victoria,VICTORIA UNIVERSITY,BC,Auto,48.45,-123.3,60.1,CWYJ,71783,1018598,PDT,PST
WYK,"CAPE KIGLAPAIT, NFLD","CAPE KIGLAPAIT, NFLD",NL,Auto,57.133333,-61.466667,834.13,CWYK,71177,8500926,ADT,AST
WYL,Parc national de Yoho,YOHO PARK,BC,Auto,51.45,-116.35,1601,CWYL,71786,11790j1,MDT,MST
WYM,"CAPE MERCY, NWT","CAPE MERCY, NWT",NU,Auto,64.95,-63.566667,582.63,CWYM,71975,2400F63,EDT,EST
WYQ,Pointe-au-P�re,POINTE AU PERE,QC,Auto,48.516667,-68.466667,4.9,CWYQ,71554,7056068,EDT,EST
WYW,Armstrong,ARMSTRONG A (AUT),ON,Auto,50.283333,-88.916667,322.5,CWYW,71841,6040325,EDT,EST
WYY,Osoyoos,OSOYOOS AUT,BC,Auto,49.033333,-119.433333,282.9,CWYY,71215,1125852,PDT,PST
WZA,Agassiz,AGASSIZ RCS,BC,Auto,49.25,-121.766667,19.3,CWZA,71113,1100119,PDT,PST
WZB,"PORT AUX BASQUES, NFLD","PORT AUX BASQUES, NFLD",NL,Auto,47.566667,-59.15,39.7,CWZB,71197,8402975,NDT,NST
WZE,Carberry,CARBERRY MCDC,MB,Auto,49.9,-99.35,383.5,CWZE,71170,5010547,CDT,CST
WZF,Fredericton Aquatic Centre,Fredericton Aquatic Centre CS,NB,Auto,45.966667,-66.65,8.3,CWZF,8101507,ADT,AST,
WZG,Banff,BANFF CR23X,AB,Auto,51.2,-115.55,1396.9,CWZG,71122,3050519,MDT,MST
WZL,Cumshewa Island,CUMSHEWA ISLAND,BC,Auto,53.033333,-131.6,16.8,CWZL,71771,1062251,PDT,PST
WZN,Sagona Island,"Sagona Island, NL",NL,Auto,47.366667,-55.8,64,CWZN,71408,8403255,NDT,NST
WZO,Kelp Reefs,KELP REEFS,BC,Auto,48.55,-123.233333,0,CWZO,1013998,PDT,PST,
WZQ,Grand Étang,"GRAND ETANG, N.S.",NS,Auto,46.55,-61.05,12.8,CWZQ,8201969,ADT,AST,
WZR,Margaret Lake,MARGARET LAKE,YT,Auto,68.8,-140.85,568,CWZR,71977,2100697,PDT,PST
WZS,Amqui,AMQUI,QC,Auto,48.466667,-67.433333,166,CWZS,71386,7050145,EDT,EST
WZT,Dauphin Climat,DAUPHIN A,MB,Auto,51.1,-100.05,304.5,CWZT,71550,5040681,CDT,CST
WZV,Cape St.James,CAPE ST. JAMES,BC,Auto,51.933333,-131.016667,89.4,CWZV,71107,1051351,PDT,PST
WZW,A�roport de Teslin,TESLIN AIRPORT (AUT),YT,Auto,60.166667,-132.733333,711.5,CWZW,71045,2101102,PDT,PST
XAF,Abee,ABEE AGDM,AB,Auto,54.283333,-112.966667,664,CXAF,71285,3010010,MDT,MST
XAG,Andrew,ANDREW AGDM,AB,Auto,53.916667,-112.283333,625,CXAG,71286,3010237,MDT,MST
XAJ,Atmore,ATMORE AGDM,AB,Auto,54.783333,-112.816667,574,CXAJ,71287,3060406,MDT,MST
XAK,Stettler,STETTLER AGDM,AB,Auto,52.35,-112.6,795,CXAK,71289,3016124,MDT,MST
XAR,Arviat,ARVIAT CLIMATE NU,NU,Auto,61.1,-94.066667,9.8,CXAR,71322,2301153,EDT,EST
XAT,Arctic Bay,ARCTIC BAY,NU,Auto,72.983333,-85,10,CXAT,71592,2400404,EDT,EST
XBA,Bodo,BODO AGDM,AB,Auto,52.116667,-110.1,687,CXBA,71214,3010730,MDT,MST
XBD,Barrhead,BARRHEAD CS,AB,Auto,54.1,-114.45,648,CXBD,71061,3060535,MDT,MST
XBI,BARRIE-ORO,BARRIE-ORO CS,ON,Auto,44.483333,-79.55,289,CXBI,71314,6117700,EDT,EST
XBK,Bratt's Lake,BRATT'S LAKE CLIMATE,SK,Auto,50.2,-104.7,580,CXBK,71569,4010811,CST,CST
XBL,Baker Lake,BAKER LAKE CLIMATE,NU,Auto,64.316667,-96.233333,50.8,CXBL,71356,2300501,CDT,CST
XBO,Beauport,BEAUPORT CS,QC,Auto,46.833333,-71.2,10,CXBO,71578,7010565,EDT,EST
XBQ,Tadoule Lake,TADOULE LAKE,MB,Auto,58.7,-98.5,262,CXBQ,71334,5062840,CDT,CST
XBR,Brocket,BROCKET AGDM,AB,Auto,49.616667,-113.766667,1092,CXBR,71341,3030830,MDT,MST
XBW,Barnwell,BARNWELL AGDM,AB,Auto,49.8,-112.3,842.8,CXBW,71346,3030525,MDT,MST
XCA,Cameron Falls,CAMERON FALLS CS,ON,Auto,49.15,-88.35,232.6,CXCA,71291,6041110,EDT,EST
XCD,Cleardale,CLEARDALE AGDM,AB,Auto,56.316667,-119.733333,630,CXCD,71221,3074935,MDT,MST
XCH,Ch�ticamp,"CHETICAMP, N.S.",NS,Auto,46.65,-60.95,43.9,CXCH,71959,8200827,ADT,AST
XCK,A�roport de Carmacks,CARMACKS AIRPORT,YT,Auto,62.116667,-136.2,539,CXCK,71039,2100301,PDT,PST
XCM,Cambridge Bay,CAMBRIDGE BAY,NU,Auto,69.116667,-105.133333,18.69,CXCM,71288,2400602,MDT,MST
XCP,Champion,CHAMPION AGDM,AB,Auto,50.283333,-113.35,1006,CXCP,71217,3031480,MDT,MST
XCS,Consort,CONSORT AGDM,AB,Auto,51.933333,-110.716667,772,CXCS,71223,3011815,MDT,MST
XDB,Del Bonita,DEL BONITA AGDM,AB,Auto,49.05,-112.816667,1310,CXDB,71224,3042045,MDT,MST
XDE,Deline,DELINE CS,NT,Auto,65.216667,-123.433333,212.8,CXDE,71503,2201022,MDT,MST
XDI,Delhi,"DELHI, ONTARIO",ON,Auto,42.866667,-80.55,231.7,CXDI,71573,6131983,EDT,EST
XDK,Deadmen Valley,DEADMEN VALLEY,NT,Auto,61.25,-124.466667,283,CXDK,71021,22010h0,MDT,MST
XDP,Dapp,DAPP AGDM,AB,Auto,54.316667,-113.95,614.2,CXDP,71340,3061975,MDT,MST
XDW,Deerwood,DEERWOOD RCS,MB,Auto,49.4,-98.316667,341.4,CXDW,71840,5020725,CDT,CST
XEA,Ear Falls,EAR FALLS CS,ON,Auto,50.633333,-93.216667,362.6,CXEA,71295,6012199,CDT,CST
XEC,Edmonton BLATCHFORD,EDMONTON BLATCHFORD,AB,Auto,53.566667,-113.516667,671,CXEC,71157,3012209,MDT,MST
XEG,Edmonton,EDMONTON INTNL CS,AB,Auto,53.3,-113.6,715,CXEG,71155,3012206,MDT,MST
XEL,Egg Island,EGG ISLAND,AB,Auto,58.983333,-110.433333,211,CXEL,71404,3072246,MDT,MST
XET,Egbert,EGBERT CS,ON,Auto,44.233333,-79.783333,251,CXET,71296,6110,EDT,EST
XFA,Fanny Island,FANNY ISLAND,BC,Auto,50.45,-126,3.2,CXFA,71568,1022795,PDT,PST
XFB,Iqaluit,IQALUIT CLIMATE NU,NU,Auto,63.75,-68.55,33.5,CXFB,71321,2402592,EDT,EST
XFM,Foremost,FOREMOST AGDM,AB,Auto,49.483333,-111.483333,881,CXFM,71225,3032642,MDT,MST
XFR,Fairview,FAIRVIEW AGDM,AB,Auto,56.083333,-118.433333,654.55,CXFR,71347,3072525,MDT,MST
XFV,Fort Vermilion,FORT VERMILLON,AB,Auto,58.366667,-116.033333,289,CXFV,71024,3072723,MDT,MST
XGD,A�roport de Gander,Gander Airport CS,NL,Auto,48.95,-54.583333,151,CXGD,71742,8401705,NDT,NST
XGH,Port de Gimli,GIMLI HARBOUR,MB,Auto,50.616667,-96.966667,217,CXGH,71577,5031041,CDT,CST
XGM,Grand Manan,GRAND MANAN SAR CS,NB,Auto,44.716667,-66.8,78.2,CXGM,71030,8101925,ADT,AST
XHA,Harrow AAC,HARROW AUTO,ON,Auto,42.033333,-82.9,191,CXHA,71298,6133362,EDT,EST
XHD,Holden,HOLDEN AGDM,AB,Auto,53.183333,-112.25,688,CXHD,71227,3013340,MDT,MST
XHF,High Falls,HIGH FALLS CS,QC,Auto,45.833333,-75.65,194.6,CXHF,71391,7033121,EDT,EST
XHI,Ulukhaktok,HOLMAN CS,NT,Auto,70.766667,-117.8,29.9,CXHI,71029,2502505,MDT,MST
XHM,Hamilton,HAMILTON RBG CS,ON,Auto,43.283333,-79.9,102,CXHM,71297,6153301,EDT,EST
XHR,Hussar,HUSSAR AGDM,AB,Auto,51.1,-112.3,985,CXHR,71344,3023402,MDT,MST
XIB,Ingonish Beach RCS,Ingonish Beach RCS,NS,Auto,46.666667,-60.4,10,CXIB,71027,8202502,ADT,AST
XKA,Kapuskasing AAC,KAPUSKASING RCS,ON,Auto,49.4,-82.433333,218,CXKA,71299,6073980,EDT,EST
XKE,Kemptville,KEMPTVILLE CS,ON,Auto,45,-75.633333,99.4,CXKE,71300,6104027,EDT,EST
XKI,Kirkland Lake,KIRKLAND LAKE CS,ON,Auto,48.15,-80,324,CXKI,71301,6074211,EDT,EST
XKM,Killam,KILLAM AGDM,AB,Auto,52.85,-111.866667,674.5,CXKM,71228,3013640,MDT,MST
XKT,Kentville AAC,Kentville CDA Climate,NS,Auto,45.066667,-64.483333,48.7,CXKT,71671,8202810,ADT,AST
XLB,Lunenburg,LUNENBURG NS,NS,Auto,44.366667,-64.3,3.8,CXLB,8203210,ADT,AST,
XLL,Lindberg Landing,LINDBERG LANDING,NT,Auto,61.116667,-122.85,183,CXLL,71682,220n003,MDT,MST
XLT,Laterriere,LATERRIERE,QC,Auto,48.3,-71.133333,161.8,CXLT,71040,7064181,EDT,EST
XLU,Lutselke,LUTSEL K'E CS,NT,Auto,62.416667,-110.666667,178.9,CXLU,71529,220l002,MDT,MST
XMD,Morden AAC,MORDEN,MB,Auto,49.183333,-98.083333,297.5,CXMD,71564,5021849,CDT,CST
XMG,Manning,MANNING AGDM,AB,Auto,56.983333,-117.45,457,CXMG,71229,3074190,MDT,MST
XMI,McNabs Island,"MCNAB'S ISLAND, N.S.",NS,Auto,44.6,-63.533333,15.4,CXMI,8203478,ADT,AST,
XMM,Fort McMurray,FORT MCMURRAY CLIMATE,AB,Auto,56.65,-111.216667,368.8,CXMM,71585,3062696,MDT,MST
XMN,Masinasin,MASINASIN AGDM,AB,Auto,49.133333,-111.65,947.9,CXMN,71345,3044232,MDT,MST
XMO,Morrin,MORRIN AGDM,AB,Auto,51.666667,-112.683333,836,CXMO,71257,3024668,MDT,MST
XMP,Maple Plains,"MAPLE PLAINS, PEI",PE,Auto,46.3,-63.583333,45.7,CXMP,8305500,ADT,AST,
XMW,Medicine Hat,MEDICINE HAT RCS,AB,Auto,50.016667,-110.716667,717.4,CXMW,71026,3034485,MDT,MST
XMY,Malay Falls,"MALAY FALLS, N.S.",NS,Auto,44.983333,-62.483333,39.6,CXMY,8203405,ADT,AST,
XND,Nordegg,NORDEGG CS,AB,Auto,52.5,-116.033333,1332,CXND,71060,3054843,MDT,MST
XNM,North Mountain,"NORTH MOUNTAIN,  N.S.",NS,Auto,46.816667,-60.666667,439.4,CXNM,71604,8204161,ADT,AST
XNP,Nappan AAC,Nappan RCS,NS,Auto,45.766667,-64.25,19.8,CXNP,71311,8203702,ADT,AST
XOA,Ottawa AAC,OTTAWA CDA RCS,ON,Auto,45.383333,-75.716667,79.2,CXOA,71063,6105978,EDT,EST
XOL,Olds,OLDS AGDM,AB,Auto,51.766667,-114.083333,1046,CXOL,71258,3024925,MDT,MST
XOX,La Ronge,"LA RONGE, SK RCS",SK,Auto,55.15,-105.266667,378.6,CXOX,71586,4064149,CST,CST
XOY,Oyen,OYEN AGDM,AB,Auto,51.383333,-110.35,766.67,CXOY,71342,3024965,MDT,MST
XPA,Peoria,PEORIA AGDM,AB,Auto,55.616667,-118.3,621.21,CXPA,71348,3075160,MDT,MST
XPC,Parry Sound Harbour,PARRY SOUND CCG,ON,Auto,45.35,-80.05,176.3,CXPC,71172,6116257,EDT,EST
XPL,Pollockville,POLLOCKVILLE AGDM,AB,Auto,51.133333,-111.7,750,CXPL,71259,3025243,MDT,MST
XPS,Stony Plain,STONY PLAIN CS,AB,Auto,53.55,-114.116667,760,CXPS,71127,301a001,MDT,MST
XPT,Pointe-Pel�e,"POINT PELEE, ONT",ON,Auto,41.95,-82.516667,176,CXPT,71303,613p001,EDT,EST
XQH,A�roport de Watson Lake,WATSON LAKE AIRPORT (AUT),YT,Auto,60.116667,-128.816667,689.5,CXQH,71199,2101204,PDT,PST
XRB,Resolute,RESOLUTE CS,NU,Auto,74.716667,-94.983333,68,CXRB,71018,2403505,CDT,CST
XRG,Ridgetown,RIDGETOWN RCS,ON,Auto,42.45,-81.883333,205.7,CXRG,71307,6137154,EDT,EST
XRH,Rocky Harbour,"ROCKY HARBOUR, NFLD",NL,Auto,49.566667,-57.883333,67.7,CXRH,71588,8403097,NDT,NST
XRL,Rich Lake,RICH LAKE AGDM,AB,Auto,54.5,-111.616667,585,CXRL,71349,3065475,MDT,MST
XSC,Schuler,SCHULER AGDM,AB,Auto,50.3,-110.083333,800,CXSC,71269,3025768,MDT,MST
XSE,Stefansson Island,STEFANSSON ISLAND,NU,Auto,73.766667,-105.283333,11,CXSE,71017,2403756,CDT,CST
XSH,Shawinigan,SHAWINIGAN CS,QC,Auto,46.566667,-72.733333,110,CXSH,71370,7018001,EDT,EST
XSL,Smoky Lake,SMOKY LAKE AGDM,AB,Auto,54.283333,-112.5,680,CXSL,71274,3016022,MDT,MST
XSP,St. Paul,ST. PAUL AGDM,AB,Auto,54.016667,-111.266667,649,CXSP,71275,3015676,MDT,MST
XSR,Spirit River,SPIRIT RIVER AUTO STATION,AB,Auto,55.683333,-119.233333,1015.28,CXSR,71571,3076069,MDT,MST
XTD,Tracadie,"Tracadie, NS",NS,Auto,45.6,-61.666667,68.2,CXTD,71308,8205895,ADT,AST
XTH,Two Hills,TWO HILLS AGDM,AB,Auto,53.633333,-111.683333,678,CXTH,71276,3016655,MDT,MST
XTL,Tatlayoko Lake,TATLAYOKO LAKE RCS,BC,Auto,51.666667,-124.4,875,CXTL,71028,1088015,PDT,PST
XTN,TUKTUT NOGAIT,TUKTUT NOGAIT,NT,Auto,69.183333,-122.35,551.6,CXTN,71492,2203918,MDT,MST
XTO,Toronto centre-ville,"TORONTO CITY CS, ONT",ON,Auto,43.666667,-79.4,112.5,CXTO,71508,6158355,EDT,EST
XTP,Parc national de Terra-Nova,Terra Nova Nat. Park,NL,Auto,48.55,-53.966667,107,CXTP,71589,8403851,NDT,NST
XTV,Trail Valley,TRAIL VLY CRK,NT,Auto,68.75,-133.5,85,CXTV,71683,220n005,MDT,MST
XUX,Hall Beach,HALL BEACH CLIMATE NU.,NU,Auto,68.783333,-81.25,8.2,CXUX,71320,2402353,EDT,EST
XVG,Violet Grove,VIOLET GROVE CS,AB,Auto,53.15,-115.116667,914,CXVG,71062,3016860,MDT,MST
XVM,Vermilion,VERMILION AGDM,AB,Auto,53.35,-110.883333,623,CXVM,71278,3016802,MDT,MST
XVN,Vineland Station,VINELAND STATION RCS,ON,Auto,43.183333,-79.4,79.2,CXVN,71171,6139148,EDT,EST
XVW,Valleyview,VALLEYVIEW AGDM,AB,Auto,55.1,-117.2,698,CXVW,71277,3076680,MDT,MST
XWB,WAGER BAY,WAGER BAY,NU,Auto,65.883333,-89.45,18,CXWB,71049,2403945,EDT,EST
XWF,Warfield,WARFIELD RCS,BC,Auto,49.116667,-117.733333,566.9,CXWF,71401,1148705,PDT,PST
XWG,Winnipeg,WINNIPEG A CS,MB,Auto,49.916667,-97.233333,238.7,CXWG,71849,502s001,CDT,CST
XWM,Wrentham,WRENTHAM AGDM,AB,Auto,49.5,-112.116667,943.94,CXWM,71343,3037675,MDT,MST
XWN,Winnipeg - La Fourche,WINNIPEG THE FORKS,MB,Auto,49.883333,-97.133333,230,CXWN,71579,5023262,CDT,CST
XWT,WINTERLAND NFLD,WINTERLAND NFLD,NL,Auto,47.133333,-55.333333,29.3,CXWT,71181,8404241,NDT,NST
XYH,Yohin Lake,YOHIN,NT,Auto,61.25,-123.733333,204,CXYH,71020,2204300,MDT,MST
XZC,Moosonee,Moosonee RCS,ON,Auto,51.266667,-80.65,9.1,CXZC,71309,6075435,EDT,EST
XZV,Sept-�les,SEPT-ILES,QC,Auto,50.216667,-66.25,52.6,CXZV,71279,7047914,EDT,EST
YAB,A�roport d'Arctic Bay,Arctic Bay,NU,Manned/Auto,73.00639,-85.04732,22,CYAB,2400401,EDT,EST,
YAH,A�roport de La Grande IV,La Grande 4,QC,Auto,53.75472,-73.67528,306.3,CYAH,71003,7093714,EDT,EST
YAM,A�roport de Sault Ste. Marie,Sault Ste Marie,ON,Manned,46.48506,-84.50961,192,CYAM,71260,6057591,EDT,EST
YAS,Kangirsuk,Kangirsuk,QC,Manned/Auto,60.02722,-69.99917,123.8,CYAS,7113383,EDT,EST,
YAT,Attawapiskat,Attawapiskat,ON,Auto,52.92759,-82.43198,9.1,CYAT,71653,6010400,EDT,EST
YAW,A�roport de Shearwater,HALIFAX/SHEARWATER,NS,Manned,44.63333,-63.5,44,CYAW,71601,8205090,ADT,AST
YAY,A�roport de St. Anthony,St. Anthony,NL,Auto,51.39195,-56.08306,32.9,CYAY,71819,8403389,NDT,NST
YAZ,A�roport de Tofino,Tofino,BC,Manned/Auto,49.08212,-125.7724,24.5,CYAZ,71106,1038204,PDT,PST
YBB,A�roport de Kugaaruk,Kugaaruk,NU,Manned/Auto,68.53591,-89.8054,15.5,CYBB,2303091,MDT,MST,
YBC,A�roport de Baie-Comeau,Baie-Comeau,QC,Auto,49.1325,-68.20435,21.6,CYBC,71691,7040444,EDT,EST
YBD,A�roport de Bella Coola,Bella Coola,BC,Manned/Auto,52.38763,-126.59577,35.7,CYBD,1060845,PDT,PST,
YBG,BAGOTVILLE,BAGOTVILLE,QC,Manned/Auto,48.33056,-70.99639,159.1,CYBG,71727,7060400,EDT,EST
YBK,A�roport de Baker Lake,Baker Lake,NU,Manned/Auto,64.29881,-96.07765,18.6,CYBK,71926,2300503,CDT,CST
YBL,A�roport de Campbell River,Campbell River,BC,Manned/Auto,49.95204,-125.27305,108.8,CYBL,1021267,PDT,PST,
YBN,BORDEN,BORDEN,ON,Auto,44.266667,-79.9,222.5,CYBN,71534,611B002,EDT,EST
YBQ,A�roport de Tadoule Lake,Tadoule Lake,MB,Auto,58.70611,-98.51222,281.3,CYBQ,71272,5062835,CDT,CST
YBR,A�roport de Brandon,Brandon,MB,Manned,49.91,-99.95223,409.3,CYBR,71140,5010481,CDT,CST
YBU,A�roport de Nipawin,Nipawin,SK,Auto,53.33273,-104.0088,371.9,CYBU,71130,4075525,CST,CST
YBV,A�roport de Berens River,Berens River,MB,Manned/Auto,52.35889,-97.01794,222.2,CYBV,5030201,CDT,CST,
YBW,A�roport de Springbank,Calgary/Springbank,AB,Auto,51.10532,-114.37149,1200.9,CYBW,3031109,MDT,MST,
YBX,A�roport de Blanc-Sablon,Lourdes-de-Blanc-Sablon,QC,Manned/Auto,51.44361,-57.18528,37.2,CYBX,71808,7040815,AST,AST
YCB,A�roport de Cambridge Bay,Cambridge Bay,NU,Manned/Auto,69.10792,-105.13712,31.1,CYCB,71925,2400601,MDT,MST
YCD,A�roport de Nanaimo,Nanaimo,BC,Manned/Auto,49.05455,-123.87012,28,CYCD,1025369,PDT,PST,
YCG,A�roport de Castlegar,Castlegar,BC,Manned/Auto,49.29623,-117.63251,495.6,CYCG,1141456,PDT,PST,
YCK,Chatham-Kent,Chatham-Kent,ON,Auto,42.30583,-82.0825,196.6,CYCK,6131414,EDT,EST,
YCO,A�roport de Kugluktuk,Kugluktuk,NU,Manned/Auto,67.8167,-115.14391,22.6,CYCO,71938,2300903,MDT,MST
YCP,A�roport de Blue River,Blue River,BC,Manned/Auto,52.11692,-119.28453,690.4,CYCP,1160898,PDT,PST,
YCQ,A�roport de Chetwynd,Chetwynd,BC,Manned/Auto,55.68722,-121.62665,609.6,CYCQ,1181507,MST,MST,
YCS,A�roport de Chesterfield Inlet,Chesterfield Inlet,NU,Manned/Auto,63.34711,-90.73116,9.8,CYCS,2300701,CDT,CST,
YCX,GAGETOWN,GAGETOWN,NB,Auto,45.833333,-66.433333,51,CYCX,71701,8101794,ADT,AST
YCY,A�roport de Clyde,Clyde River,NU,Manned,70.48592,-68.51694,26.5,CYCY,71090,2400803,EDT,EST
YDA,A�roport de Dawson,Dawson City,YT,Manned/Auto,64.04211,-139.13031,370.3,CYDA,2100401,PDT,PST,
YDB,A�roport de Burwash,Burwash,YT,Manned/Auto,61.37066,-139.03995,806.2,CYDB,71001,2100180,PDT,PST
YDC,A�roport de Princeton,Princeton,BC,Manned/Auto,49.46789,-120.51247,701.7,CYDC,1126511,PDT,PST,
YDF,A�roport de Deer Lake,Deer Lake,NL,Manned,49.20917,-57.39444,21.9,CYDF,71809,8401502,NDT,NST
YDL,A�roport de Dease Lake,Dease Lake,BC,Auto,58.42231,-130.03151,802.8,CYDL,71686,1192341,PDT,PST
YDN,A�roport de Dauphin,Dauphin,MB,Auto,51.10083,-100.0525,304.5,CYDN,71036,5040689,CDT,CST
YDP,A�roport de Nain,Nain,NL,Manned/Auto,56.55056,-61.68222,6.7,CYDP,71902,8502801,ADT,AST
YDQ,A�roport de Dawson Creek,Dawson Creek,BC,Auto,55.74226,-120.18306,654.7,CYDQ,71471,1182289,MST,MST
YED,EDMONTON/NAMAO,EDMONTON/NAMAO,AB,Manned,53.66917,-113.47556,688.3,CYED,71121,3012210,MDT,MST
YEG,A�roport int. d'Edmonton,Edmonton International,AB,Manned,53.30988,-113.5795,723.3,CYEG,71123,3012216,MDT,MST
YEK,A�roport d'Arviat,Arviat,NU,Manned/Auto,61.09397,-94.07159,10.4,CYEK,71174,2300428,CDT,CST
YEN,A�roport d'Estevan,Estevan,SK,Manned/Auto,49.21031,-102.96574,580.3,CYEN,71862,4012401,CST,CST
YER,A�roport de Fort Severn,Fort Severn,ON,Auto,56.01897,-87.67621,15.8,CYER,71099,6012501,EDT,EST
YET,A�roport d'Edson,Edson,AB,Auto,53.57889,-116.465,926.9,CYET,71167,3062239,MDT,MST
YEV,A�roport d'Inuvik,Inuvik,NT,Manned,68.30378,-133.48312,67.7,CYEV,2202571,MDT,MST,
YFB,A�roport d'Iqaluit,Iqaluit,NU,Manned,63.75657,-68.55611,33.5,CYFB,2402596,EDT,EST,
YFC,A�roport int. de Fredericton,Fredericton,NB,Auto,45.86889,-66.53722,20.7,CYFC,71700,8101505,ADT,AST
YFO,A�roport de Flin Flon,Flin Flon,MB,Manned/Auto,54.67807,-101.68189,304.2,CYFO,5050961,CDT,CST,
YFR,A�roport de Fort Resolution,Fort Resolution,NT,Manned/Auto,61.18081,-113.68965,160.3,CYFR,2202001,MDT,MST,
YFS,A�roport de Fort Simpson,Fort Simpson,NT,Manned/Auto,61.76025,-121.23801,169.2,CYFS,71946,2202103,MDT,MST
YFT,A�roport de Makkovik,Makkovik,NL,Manned/Auto,55.07722,-59.1875,70.4,CYFT,8502588,ADT,AST,
YGE,A�roport de Golden,Golden,BC,Manned/Auto,51.29917,-116.9825,784.9,CYGE,1173209,MDT,MST,
YGH,A�roport de Fort Good Hope,Fort Good Hope,NT,Manned/Auto,66.24063,-128.6476,81.4,CYGH,2201401,MDT,MST,
YGK,A�roport de Kingston,Kingston,ON,Manned/Auto,44.22587,-76.5966,92.4,CYGK,6104149,EDT,EST,
YGL,A�roport de La Grande Rivi�re,La Grande Riviere,QC,Manned,53.62528,-77.70417,194.8,CYGL,71827,7093716,EDT,EST
YGP,A�roport de Gasp�,Gaspe,QC,Manned/Auto,48.77528,-64.47972,34.1,CYGP,71188,7052601,EDT,EST
YGQ,A�roport de Geraldton,Geraldton,ON,Manned/Auto,49.77869,-86.93855,348.4,CYGQ,71834,6042717,EDT,EST
YGR,A�roport des �les de la Madeleine,Iles-de-la-Madeleine,QC,Manned/Auto,47.42507,-61.77734,10.7,CYGR,71709,7053250,ADT,AST
YGT,A�roport d`Igloolik,Igloolik,NU,Manned/Auto,69.36466,-81.81648,52.7,CYGT,2402541,EDT,EST,
YGV,A�roport de Havre-Saint-Pierre,Havre St-Pierre,QC,Auto,50.28194,-63.61139,37.8,CYGV,71584,7043019,EDT,EST
YGW,A�roport de Kuujjuarapik,Kuujjuarapik,QC,Auto,55.28194,-77.76528,12.2,CYGW,7103537,EDT,EST,
YGX,A�roport de Gillam,Gillam,MB,Manned/Auto,56.35772,-94.7107,145.1,CYGX,71912,5061022,CDT,CST
YHA,Quaqtaq,Quaqtaq,QC,Manned/Auto,61.04639,-69.61777,32.3,CYHA,7116271,EDT,EST,
YHD,A�roport de Dryden,Dryden Regional,ON,Auto,49.83167,-92.74416,412.7,CYHD,71527,6032125,CDT,CST
YHE,A�roport de Hope,Hope,BC,Auto,49.36833,-121.49806,39,CYHE,71187,1113542,PDT,PST
YHI,A�roport d'Ulukhaktok,Ulukhatok/Holman,NT,Manned/Auto,70.76283,-117.806,36,CYHI,2502502,MDT,MST,
YHK,A�roport de Gjoa Haven,Gjoa Haven,NU,Manned/Auto,68.63556,-95.85028,46.9,CYHK,71597,2302336,MDT,MST
YHM,A�roport int. Munro de Hamilton,Hamilton,ON,Manned,43.17366,-79.93508,237.7,CYHM,71263,6153193,EDT,EST
YHU,A�roport de Saint-Hubert,Montreal/St-Hubert,QC,Auto,45.51806,-73.41699,27.4,CYHU,71371,7027329,EDT,EST
YHY,A�roport de Hay River/Merlyn Carter,Hay River,NT,Manned/Auto,60.83978,-115.7828,164.9,CYHY,71935,2202401,MDT,MST
YHZ,A�roport int. Stanfield de Halifax,Halifax International,NS,Manned/Auto,44.88119,-63.50871,145.4,CYHZ,71395,8202251,ADT,AST
YIK,Ivujivik,Ivujivik,QC,Manned/Auto,62.41722,-77.92528,38.7,CYIK,7103328,EDT,EST,
YIN,Clinton,Clinton/Bleiber Ranch,BC,Auto,51.25,-121.68333,1126.2,CYIN,71717,1161662,PDT,PST
YIO,A�roport de Pond Inlet,Pond Inlet,NU,Manned/Auto,72.68951,-77.96893,61.6,CYIO,71095,2403205,EDT,EST
YIV,A�roport d'Island Lake,Island Lake,MB,Manned/Auto,53.85713,-94.65367,235.6,CYIV,71145,5061375,CDT,CST
YJF,A�roport de Fort Liard,Fort Liard,NT,Manned/Auto,60.23556,-123.47,215.8,CYJF,2201576,MDT,MST,
YJT,A�roport de Stephenville,Stephenville,NL,Manned,48.54145,-58.54991,24.7,CYJT,71815,8403801,NDT,NST
YKA,A�roport de Kamloops,Kamloops,BC,Manned,50.70251,-120.44861,345.3,CYKA,71887,1163781,PDT,PST
YKD,A�roport d'Aklavik,Aklavik,NT,Manned/Auto,68.2234,-135.00578,6.4,CYKD,2200101,MDT,MST,
YKF,A�roport int. de la R�gion de Waterloo,Kitchener/Waterloo,ON,Auto,43.46077,-80.37872,321.6,CYKF,71368,6144239,EDT,EST
YKG,Kangiqsujuaq,Kangiqsujuaq,QC,Manned/Auto,61.58861,-71.92944,157.6,CYKG,7113379,EDT,EST,
YKJ,A�roport de Key Lake,Key Lake,SK,Auto,57.25639,-105.6175,511.8,CYKJ,71499,4063757,CST,CST
YKL,A�roport de Schefferville,Schefferville,QC,Auto,54.80528,-66.80527,520.9,CYKL,71921,7117823,EDT,EST
YKO,Akulivik,Akulivik,QC,Manned/Auto,60.81861,-78.14861,23.2,CYKO,7100071,EDT,EST,
YKP,Ogoki Post,Ogoki Post,ON,Auto,51.65811,-85.90111,181.1,CYKP,71652,6075786,EDT,EST
YKQ,A�roport de Waskaganish,Waskaganish,QC,Manned/Auto,51.47332,-78.75839,24.1,CYKQ,7098896,EDT,EST,
YKY,A�roport de Kindersley,Kindersley,SK,Manned/Auto,51.51515,-109.18056,693.7,CYKY,71129,4043901,CST,CST
YKZ,A�roport de Buttonville,Toronto/Buttonville,ON,Manned/Auto,43.8608,-79.3686,198.1,CYKZ,71639,6158410,EDT,EST
YLA,Aupaluka,Aupaluka,QC,Manned/Auto,59.29667,-69.98339,36.9,CYLA,7110600,EDT,EST,
YLC,A�roport de Kimmirut,Kimmirut,NU,Manned/Auto,62.84806,-69.87719,51.5,CYLC,2402671,EDT,EST,
YLD,A�roport de Chapleau,Chapleau,ON,Manned/Auto,47.82018,-83.34689,448.1,CYLD,71642,6061362,EDT,EST
YLH,A�roport de Lansdowne House,Lansdowne House,ON,Auto,52.19542,-87.93408,254.2,CYLH,6014351,EDT,EST,
YLJ,A�roport de Meadow Lake,Meadow Lake,SK,Manned/Auto,54.12539,-108.5229,480.7,CYLJ,71125,4065057,CST,CST
YLK,A�roport de Lutselke,Lutselk'e,NT,Manned/Auto,62.41819,-110.68224,178.6,CYLK,2202687,MDT,MST,
YLL,A�roport de Lloydminster,Lloydminster,AB,Manned/Auto,53.31058,-110.07416,668.7,CYLL,71871,3013958,MDT,MST
YLT,SFC Alert,Alert,NU,Manned,82.52,-62.28,31,CYLT,2400302,EDT,EST,
YLU,Kangiqsualujjuaq,Kangiqsualujjuaq,QC,Manned/Auto,58.71139,-65.99277,66.1,CYLU,7113390,EDT,EST,
YLW,A�roport de Kelowna,Kelowna,BC,Auto,49.95722,-119.37778,429.4,CYLW,71203,1123939,PDT,PST
YMA,A�roport de Mayo,Mayo,YT,Manned/Auto,63.61639,-135.86833,503.8,CYMA,71965,2100701,PDT,PST
YMH,Mary's Harbour,Mary's Harbour,NL,Auto,52.30282,-55.84784,10.7,CYMH,71339,8502592,NDT,NST
YMJ,MOOSE JAW,MOOSE JAW,SK,Manned,50.33028,-105.55917,576.9,CYMJ,71864,4015320,CDT,CST
YMM,A�roport de Fort McMurray,Fort McMurray,AB,Auto,56.6532,-111.22333,369.1,CYMM,71689,3062697,MDT,MST
YMO,A�roport de Moosonee,Moosonee,ON,Auto,51.29203,-80.60834,9.1,CYMO,71398,6075420,EDT,EST
YMT,A�roport de Chibougamau Chapais,Chibougamau/Chapais,QC,Auto,49.77186,-74.52797,387.1,CYMT,71822,7091409,EDT,EST
YMU,Umiujaq,Umiujaq,QC,Manned/Auto,56.53611,-76.51833,76.5,CYMU,7108566,EDT,EST,
YMX,A�roport int. de Montr�al-Mirabel,Montreal/Mirabel International,QC,Manned,45.68042,-74.03871,82.3,CYMX,7034900,EDT,EST,
YNA,A�roport de Natashquan,Natashquan,QC,Auto,50.19,-61.78889,11.9,CYNA,71513,7045398,EDT,EST
YNC,Wemindji,Wemindji,QC,Manned/Auto,53.01056,-78.83111,20.1,CYNC,7098905,EDT,EST,
YND,A�roport de Gatineau,Ottawa/Gatineau,ON,Manned/Auto,45.52167,-75.56361,64.3,CYND,7032682,EDT,EST,
YNE,A�roport de Norway House,Norway House,MB,Auto,53.95829,-97.84416,223.7,CYNE,71410,5062040,CDT,CST
YNM,A�roport de Matagami,Matagami,QC,Auto,49.76167,-77.80278,279.8,CYNM,71947,7094636,EDT,EST
YOC,A�roport d'Old Crow,Old Crow,YT,Manned/Auto,67.57008,-139.83989,250.2,CYOC,2100801,PDT,PST,
YOD,COLD LAKE,COLD LAKE,AB,Manned,54.405,-110.27944,541.4,CYOD,71120,3081680,MDT,MST
YOJ,A�roport de High Level,High Level,AB,Manned/Auto,58.62158,-117.16467,338,CYOJ,71066,3073141,MDT,MST
YOO,A�roport municipal d'Oshawa,Oshawa,ON,Auto,43.92283,-78.89674,139.9,CYOO,71697,6155875,EDT,EST
YOW,A�roport int. Macdonald-Cartier d'Ottawa,Ottawa/Macdonald-Cartier Interna,ON,Manned,45.3225,-75.66727,114,CYOW,71628,6106001,EDT,EST
YOY,VALCARTIER,VALCARTIER,QC,Manned,46.9,-71.5,167.6,CYOY,71716,7018574,EDT,EST
YPA,A�roport de Prince Albert,Prince Albert,SK,Manned,53.21462,-105.67349,428.2,CYPA,71869,4056241,CST,CST
YPC,A�roport de Paulatuk,Paulatuk,NT,Manned/Auto,69.36066,-124.07571,4.6,CYPC,2203056,MDT,MST,
YPD,A�roport de Port Hawkesbury,Port Hawkesbury,NS,Auto,45.65667,-61.36806,114.9,CYPD,71041,8204495,ADT,AST
YPE,A�roport de Peace River,Peace River,AB,Manned,56.22729,-117.44708,570.6,CYPE,71068,3075041,MDT,MST
YPG,A�roport de Portage Southport,Portage Southport,MB,Manned,49.9,-98.27,270,CYPG,5012320,CDT,CST,
YPH,A�roport d'Inukjuak,Inukjuak,QC,Auto,58.47194,-78.07694,25,CYPH,71306,7103280,EDT,EST
YPL,A�roport de Pickle Lake,Pickle Lake,ON,Manned/Auto,51.44639,-90.21417,386.2,CYPL,71845,6016529,EST,EST
YPO,Peawanuck,Peawanuck,ON,Auto,54.98806,-85.44334,52.7,CYPO,6016298,EST,EST,
YPQ,A�roport municipal de Peterborough,Peterborough,ON,Auto,44.23054,-78.3632,191.4,CYPQ,71436,6166415,EDT,EST
YPR,Prince Rupert,Prince Rupert,BC,Auto,54.28589,-130.44467,35.4,CYPR,71022,1066482,PDT,PST
YPW,A�roport de Powell River,Powell River,BC,Manned/Auto,49.83408,-124.50034,129.5,CYPW,1046395,PDT,PST,
YPX,A�roport de Puvirnituq,Puvirnituq,QC,Auto,60.05211,-77.28761,25.3,CYPX,7106223,EDT,EST,
YPY,A�roport de Fort Chipewyan,Fort Chipewyan,AB,Auto,58.76722,-111.11723,232,CYPY,71305,3072655,MDT,MST
YQA,A�roport de Muskoka,Muskoka,ON,Auto,44.97472,-79.30333,281.9,CYQA,71532,6115529,EDT,EST
YQB,A�roport int. Lesage de Qu�bec,Quebec/Jean Lesage  Internationa,QC,Manned,46.7912,-71.39331,74.4,CYQB,7016293,EDT,EST,
YQD,A�roport de The Pas,The Pas,MB,Manned/Auto,53.97129,-101.09105,270.7,CYQD,71867,5052881,CDT,CST
YQF,A�roport R�gional de Red Deer,Red Deer Regional,AB,Manned,52.18229,-113.89448,904.6,CYQF,71878,3025481,MDT,MST
YQG,A�roport de Windsor,Windsor,ON,Manned,42.27556,-82.95556,189.6,CYQG,71538,6139527,EDT,EST
YQH,A�roport de Watson Lake,Watson Lake,YT,Manned/Auto,60.11644,-128.82242,687.4,CYQH,2101201,PDT,PST,
YQI,A�roport de Yarmouth,Yarmouth,NS,Manned/Auto,43.82694,-66.08806,43,CYQI,71603,8206495,ADT,AST
YQK,A�roport de Kenora,Kenora,ON,Manned,49.78833,-94.36311,409.7,CYQK,71850,6034076,CDT,CST
YQL,A�roport de Lethbridge,Lethbridge,AB,Manned/Auto,49.63028,-112.79972,929,CYQL,71267,3033881,MDT,MST
YQM,A�roport int. du Grand Moncton,Moncton International,NB,Manned/Auto,46.11221,-64.67858,70.7,CYQM,71705,8103201,ADT,AST
YQQ,COMOX,COMOX,BC,Manned/Auto,49.71083,-124.88667,25.6,CYQQ,71893,1021830,PDT,PST
YQR,A�roport int. de Regina,Regina International,SK,Manned,50.43219,-104.66605,577.6,CYQR,4016566,CST,CST,
YQT,A�roport de Thunder Bay,Thunder Bay,ON,Manned/Auto,48.372,-89.3217,199.3,CYQT,71072,6048262,EDT,EST
YQU,A�roport de Grande Prairie,Grande Prairie,AB,Manned,55.17997,-118.88469,669,CYQU,71940,3072921,MDT,MST
YQV,A�roport de Yorkton,Yorkton,SK,Auto,51.26481,-102.46132,498.3,CYQV,71292,4019075,CST,CST
YQW,A�roport de North Battleford,North Battleford,SK,Auto,52.76925,-108.24372,548.5,CYQW,71876,4045695,CST,CST
YQX,A�roport int. de Gander,Gander International,NL,Manned,48.93702,-54.56813,151.2,CYQX,71803,8401703,NDT,NST
YQY,A�roport de J.A. Douglas McCurdy Sydney,Sydney,NS,Manned/Auto,46.16139,-60.04806,61.9,CYQY,71707,8205701,ADT,AST
YQZ,A�roport de Quesnel,Quesnel,BC,Auto,53.02608,-122.51037,545,CYQZ,71192,1096629,PDT,PST
YRA,A�roport de Gameti,Gameti/Rae Lakes,NT,Manned/Auto,64.11612,-117.30972,220.4,CYRA,2203362,MDT,MST,
YRB,A�roport de Resolute,Resolute Bay,NU,Manned/Auto,74.71691,-94.96934,67.7,CYRB,71924,2403498,CDT,CST
YRJ,A�roport de Roberval,Roberval,QC,Manned/Auto,48.52,-72.26556,178.6,CYRJ,71728,7066686,EDT,EST
YRL,A�roport de Red Lake,Red Lake,ON,Manned/Auto,51.06709,-93.79305,385.9,CYRL,71854,6016970,CDT,CST
YRQ,A�roport de Trois-Rivieres,Trois-Rivieres,QC,Auto,46.35157,-72.68046,60.7,CYRQ,7018561,EDT,EST,
YRT,A�roport de Rankin Inlet,Rankin Inlet,NU,Manned,62.81066,-92.11462,32.3,CYRT,71083,2303405,CDT,CST
YRV,A�roport de Revelstoke,Revelstoke,BC,Auto,50.96689,-118.18447,444.7,CYRV,71685,1176745,PDT,PST
YSB,A�roport du Grand Sudbury,Sudbury,ON,Manned,46.62555,-80.79784,348.4,CYSB,71730,6068153,EDT,EST
YSF,A�roport de Stony Rapids,Stony Rapids,SK,Auto,59.25028,-105.84139,249.7,CYSF,71132,4067799,CST,CST
YSJ,A�roport de Saint John,Saint John,NB,Manned,45.31616,-65.89012,108.8,CYSJ,71609,8104901,ADT,AST
YSK,A�roport de Sanikiluaq,Sanikiluaq,NU,Manned/Auto,56.5369,-79.25013,33.5,CYSK,2303666,EDT,EST,
YSL,A�roport de St. Leonard,St. Leonard,NB,Auto,47.1575,-67.83472,241.7,CYSL,71703,8104932,ADT,AST
YSM,A�roport de Fort Smith,Fort Smith,NT,Manned/Auto,60.02028,-111.96195,205.1,CYSM,71934,2202201,MDT,MST
YSN,A�roport de St. Catharines,St. Catharines,ON,Manned/Auto,43.19167,-79.17167,97.8,CYSN,6137286,EDT,EST,
YSP,A�roport de Marathon,Marathon,ON,Manned/Auto,48.75528,-86.34444,314.6,CYSP,6044963,EDT,EST,
YSY,A�roport de Sachs Harbour,Sachs Harbour,NT,Manned/Auto,71.99365,-125.24147,86,CYSY,2503651,MDT,MST,
YTE,A�roport de Cape Dorset,Cape Dorset,NU,Manned/Auto,64.23023,-76.52486,48.2,CYTE,71366,2400633,EDT,EST
YTH,A�roport de Thompson,Thompson,MB,Manned,55.80333,-97.8625,224,CYTH,71079,5062921,CDT,CST
YTL,A�roport de Big Trout Lake,Big Trout Lake,ON,Auto,53.81789,-89.89692,222.5,CYTL,71675,6010735,CDT,CST
YTQ,Tasiujaq,Tasiujaq,QC,Manned/Auto,58.66778,-69.95583,36.9,CYTQ,7118365,EDT,EST,
YTR,TRENTON,TRENTON,ON,Manned,44.11889,-77.52806,86.3,CYTR,71621,6158875,EDT,EST
YTS,A�roport Victor Power de Timmins,Timmins,ON,Manned,48.57066,-81.37664,294.7,CYTS,71739,6078286,EDT,EST
YTZ,A�roport du centre-ville de Toronto,Toronto City Centre,ON,Auto,43.6274,-79.3962,76.8,CYTZ,71265,6158359,EDT,EST
YUB,Tuktoyaktuk,Tuktoyaktuk,YT,Manned/Auto,69.43324,-133.02635,4.3,CYUB,2203913,MDT,MST,
YUL,A�roport int. de Montr�al-Trudeau,Montreal/Trudeau International,QC,Manned,45.47046,-73.74093,36,CYUL,71627,7025251,EDT,EST
YUT,A�roport de Repulse Bay,Repulse Bay,NU,Manned/Auto,66.52067,-86.22474,22.9,CYUT,2403491,CDT,CST,
YUX,A�roport de Hall Beach,Hall Beach,NU,Manned/Auto,68.77577,-81.24245,9.1,CYUX,71293,2402356,EDT,EST
YUY,A�roport de Rouyn,Rouyn-Noranda,QC,Manned,48.20619,-78.83559,301.1,CYUY,7086719,EDT,EST,
YVC,A�roport de La Ronge,La Ronge,SK,Manned,55.15139,-105.26195,379.2,CYVC,71922,4064155,CST,CST
YVL,Colville Lake,Colville Lake,NT,Auto,67.02111,-126.12861,274,CYVL,2200827,MDT,MST,
YVM,A�roport de Qikiqtarjuaq,Qikiqtarjuaq,NU,Manned/Auto,67.54656,-64.03156,5.5,CYVM,71338,2400576,EDT,EST
YVO,A�roport r�gional de Val-d'Or,Val d'Or,QC,Manned/Auto,48.05333,-77.78278,336.8,CYVO,71941,7098606,EDT,EST
YVP,A�roport de Kuujjuaq,Kuujjuaq,QC,Manned,58.09611,-68.42694,39.9,CYVP,71906,7113535,EDT,EST
YVQ,A�roport de Norman Wells,Norman Wells,NT,Manned,65.28133,-126.79857,72.5,CYVQ,71043,2202801,MDT,MST
YVR,A�roport int. de Vancouver,Vancouver International,BC,Manned,49.1947,-123.18397,4.3,CYVR,71892,1108395,PDT,PST
YVT,A�roport de Buffalo Narrows,Buffalo Narrows,SK,Manned/Auto,55.84194,-108.41761,433.7,CYVT,4060984,CST,CST,
YVV,A�roport de Wiarton,Wiarton,ON,Manned/Auto,44.74583,-81.10722,222.2,CYVV,71633,6119499,EDT,EST
YWA,"PETAWAWA A, ONTARIO","PETAWAWA A, ONTARIO",ON,Auto,45.95,-77.316667,130.1,CYWA,71625,6106396,EDT,EST
YWE,A�roport de Wekweeti,Wekweeti,NT,Auto,64.19076,-114.07681,368.1,CYWE,2203980,MDT,MST,
YWG,A�roport int. Richardson de Winnipeg,Winnipeg International,MB,Manned,49.91001,-97.2401,238.7,CYWG,5023227,CDT,CST,
YWH,Port de Victoria,Victoria Harbour,BC,Manned/Auto,48.42278,-123.3875,0,CYWH,1018619,PDT,PST,
YWJ,A�roport de Deline,Deline,NT,Manned/Auto,65.21118,-123.43652,214.3,CYWJ,2201020,MDT,MST,
YWK,A�roport de Wabush,Wabush,NL,Manned/Auto,52.92273,-66.86468,551.3,CYWK,71825,8504176,ADT,AST
YWL,A�roport de Williams Lake,Williams Lake,BC,Manned,52.18341,-122.05434,939.7,CYWL,71104,1098941,PDT,PST
YWY,A�roport de Wrigley,Wrigley,NT,Manned/Auto,63.2096,-123.43676,149.7,CYWY,2204001,MDT,MST,
YXC,A�roport de Cranbrook,Cranbrook,BC,Manned,49.61212,-115.78205,940,CYXC,71880,1152105,MDT,MST
YXE,A�roport int. Diefenbaker de Saskatoon,Saskatoon/Diefenbaker Internatio,SK,Manned,52.17096,-106.69996,504.1,CYXE,4057152,CST,CST,
YXH,A�roport de Medicine Hat,Medicine Hat,AB,Manned/Auto,50.01889,-110.72083,716.9,CYXH,71247,3034481,MDT,MST
YXJ,A�roport de Fort St. John,Fort St. John,BC,Manned,56.23806,-120.74028,694.9,CYXJ,71943,1183001,MST,MST
YXL,A�roport de Sioux Lookout,Sioux Lookout,ON,Manned,50.11412,-91.90546,383.1,CYXL,71842,6037776,CDT,CST
YXN,Whale Cove,Whale Cove,NU,Manned/Auto,62.24008,-92.59794,12.2,CYXN,2303987,EDT,EST,
YXP,A�roport de Pangnirtung,Pangnirtung,NU,Manned/Auto,66.14488,-65.71352,24.1,CYXP,2403051,EDT,EST,
YXQ,A�roport de Beaver Creek,Beaver Creek,YT,Manned/Auto,62.41016,-140.86876,649,CYXQ,2100159,PDT,PST,
YXR,A�roport d'Earlton,Earlton,ON,Auto,47.695,-79.84889,243.8,CYXR,71684,6072223,EDT,EST
YXS,A�roport de Prince George,Prince George,BC,Auto,53.88404,-122.67755,691,CYXS,71896,1096439,PDT,PST
YXT,A�roport de Terrace,Terrace,BC,Manned,54.46855,-128.57838,217.3,CYXT,71951,1068134,PDT,PST
YXU,A�roport int. de London,London,ON,Manned,43.03305,-81.15111,278,CYXU,71623,6144473,EDT,EST
YXX,A�roport d'Abbotsford,Abbotsford,BC,Manned/Auto,49.02527,-122.35996,59.1,CYXX,71108,1100031,PDT,PST
YXY,A�roport de Whitehorse,Whitehorse International,YT,Manned,60.70955,-135.06728,706.2,CYXY,71964,2101303,PDT,PST
YXZ,A�roport de Wawa,Wawa,ON,Manned/Auto,47.96686,-84.78632,287.7,CYXZ,71738,6059407,EDT,EST
YYB,A�roport de North Bay,North Bay,ON,Manned/Auto,46.36383,-79.42423,370.3,CYYB,71731,6085701,EDT,EST
YYC,A�roport int. de Calgary,Calgary International,AB,Manned,51.12262,-114.01335,1099.1,CYYC,71877,3031092,MDT,MST
YYD,A�roport de Smithers,Smithers,BC,Manned/Auto,54.82528,-127.18278,523,CYYD,71950,1077498,PDT,PST
YYE,A�roport de Fort Nelson,Fort Nelson,BC,Manned,58.8364,-122.59698,381.9,CYYE,71945,1192946,PDT,PST
YYF,A�roport de Penticton,Penticton,BC,Manned,49.46258,-119.60228,344.4,CYYF,71889,1126146,PDT,PST
YYG,A�roport de Charlottetown,Charlottetown,PE,Manned,46.28917,-63.11917,48.5,CYYG,71706,8300301,ADT,AST
YYH,A�roport de Taloyoak,Taloyoak,NU,Manned/Auto,69.54665,-93.57703,27.4,CYYH,71580,2403855,MDT,MST
YYJ,A�roport int. de Victoria,Victoria International,BC,Manned,48.64716,-123.42574,19.5,CYYJ,71799,1018621,PDT,PST
YYL,A�roport de Lynn Lake,Lynn Lake,MB,Auto,56.864,-101.07616,356.6,CYYL,71078,5061645,CDT,CST
YYN,A�roport de Swift Current,Swift Current,SK,Auto,50.29194,-107.69056,816.9,CYYN,71142,4028038,CST,CST
YYQ,A�roport de Churchill,Churchill,MB,Manned/Auto,58.73906,-94.06636,29.3,CYYQ,71618,5060605,CDT,CST
YYR,GOOSE BAY ARPT,GOOSE BAY ARPT,NL,Manned,53.31667,-60.43333,48.8,CYYR,71816,8501900,ADT,AST
YYT,A�roport int. de St. John's,St. John's International,NL,Manned,47.61862,-52.75242,140.5,CYYT,71801,8403505,NDT,NST
YYU,A�roport de Kapuskasing,Kapuskasing,ON,Manned/Auto,49.41159,-82.4687,226.5,CYYU,71831,6073976,EDT,EST
YYW,Armstrong,Armstrong,ON,Auto,50.29028,-88.90972,322.5,CYYW,6040327,EDT,EST,
YYY,A�roport de Mont-Joli,Mont-Joli,QC,Manned,48.60902,-68.20759,52.4,CYYY,71718,7055121,EDT,EST
YYZ,A�roport int. Pearson de Toronto,Toronto/Pearson International,ON,Manned,43.67666,-79.63065,173.4,CYYZ,71624,6158731,EDT,EST
YZE,A�roport de Gore Bay-Manitoulin,Gore Bay-Manitoulin,ON,Auto,45.8817,-82.56828,186.8,CYZE,6092919,EDT,EST,
YZF,A�roport de Yellowknife,Yellowknife,NT,Manned,62.46278,-114.44028,205.7,CYZF,71936,2204101,MDT,MST
YZG,Salluit,Salluit,QC,Manned/Auto,62.17944,-75.66722,227.1,CYZG,7117801,EDT,EST,
YZH,A�roport de Slave Lake,Slave Lake,AB,Auto,55.29292,-114.77721,582.8,CYZH,71369,3065995,MDT,MST
YZP,A�roport de Sandspit,Sandspit,BC,Auto,53.25426,-131.81381,6.4,CYZP,71111,1057052,PDT,PST
YZR,A�roport Chris Hadfield de Sarnia,Sarnia,ON,Auto,42.99944,-82.30889,181.4,CYZR,71704,6127510,EDT,EST
YZS,Coral Harbour,Coral Harbour,NU,Manned/Auto,64.19337,-83.35936,62.2,CYZS,71915,2301002,EDT,EST
YZT,A�roport de Port Hardy,Port Hardy,BC,Manned,50.6806,-127.36666,21.6,CYZT,71109,1026271,PDT,PST
YZU,A�roport de Whitecourt,Whitecourt,AB,Manned/Auto,54.14385,-115.78677,782.4,CYZU,71930,3067373,MDT,MST
YZV,A�roport de Sept-�les,Sept-Iles,QC,Manned,50.22339,-66.26569,54.9,CYZV,7047911,EDT,EST,
YZW,A�roport de Teslin,Teslin,YT,Manned/Auto,60.17307,-132.74173,705,CYZW,2101101,PDT,PST,
YZX,GREENWOOD ARPT,GREENWOOD ARPT,NS,Manned,44.98444,-64.91694,28,CYZX,71397,8202000,ADT,AST
YZY,A�roport de Mackenzie,Mackenzie,BC,Auto,55.29944,-123.13333,690.1,CYZY,71290,1184791,PDT,PST
ZBF,A�roport de Bathurst,Bathurst,NB,Manned/Auto,47.62972,-65.73889,58.8,CZBF,71574,8100505,ADT,AST
ZCL,CLINTON (AUT),CLINTON (AUT),BC,Auto,51.15,-121.5,1056.7,CZCL,1161661,PDT,PST,
ZCR,Charlo,Charlo Auto,NB,Auto,47.983333,-66.333333,43,CZCR,71315,8100885,ADT,AST
ZCY,Clyde River,CLYDE RIVER CLIMATE NU.,NU,Auto,70.483333,-68.516667,26.5,CZCY,71358,2400802,EDT,EST
ZDB,Debert,Debert RCS,NS,Auto,45.416667,-63.466667,37.5,CZDB,71317,8201390,ADT,AST
ZEL,Elora,ELORA RCS,ON,Auto,43.65,-80.416667,376.4,CZEL,71352,6142286,EDT,EST
ZEM,A�roport d'Eastmain,Eastmain River,QC,Manned/Auto,52.22639,-78.5225,7.3,CZEM,7092306,EDT,EST,
ZEV,Inuvik,INUVIK CLIMATE,NT,Auto,68.316667,-133.516667,103,CZEV,71364,2202578,MDT,MST
ZFA,A�roport de Faro,Faro,YT,Manned/Auto,62.20695,-133.37341,716.3,CZFA,2100519,PDT,PST,
ZFM,A�roport de Fort McPherson,Fort McPherson,NT,Manned/Auto,67.40736,-134.86066,35.4,CZFM,2201599,MDT,MST,
ZFN,A�roport de Tulita,Tulita,NT,Manned/Auto,64.90971,-125.56938,101.2,CZFN,2201701,MDT,MST,
ZFS,Fort Simpson,FORT SIMPSON CLIMATE,NT,Auto,61.766667,-121.2,168,CZFS,71365,2202102,MDT,MST
ZGH,Fort Good Hope,FORT GOOD HOPE CS,NT,Auto,66.266667,-128.616667,81.7,CZGH,71491,2201450,MDT,MST
ZHB,Hudson Bay,Hudson Bay (AUT) SK,SK,Auto,52.816667,-102.316667,358.1,CZHB,71868,4083324,CST,CST
ZHK,Gjoa Haven,GJOA HAVEN CLIMATE,NU,Auto,68.633333,-95.85,42,CZHK,71363,2302340,MDT,MST
ZHY,Hay River,HAY RIVER CLIMATE,NT,Auto,60.833333,-115.783333,164,CZHY,71361,2202402,MDT,MST
ZKA,A�roport de Kamloops,KAMLOOPS AIRPORT AUT,BC,Auto,50.7,-120.45,345.3,CZKA,71741,1163842,PDT,PST
ZKD,Kelsey Dam,KELSEY DAM,MB,Auto,56.033333,-96.5,182.9,CZKD,71572,5061422,CDT,CST
ZLT,Alert,ALERT Climate NU.,NU,Auto,82.5,-62.333333,65.4,CZLT,71355,2400305,EDT,EST
ZMD,A�roport de Muskrat Dam,Muskrat Dam,ON,Auto,53.44139,-91.76278,277.7,CZMD,71678,6015026,EDT,EST
ZMJ,Moose Jaw,Moose Jaw RCS,SK,Auto,50.333333,-105.55,577,CZMJ,71539,4015322,CST,CST
ZMT,A�roport municipale de Masset,Masset,BC,Manned/Auto,54.02711,-132.12508,5.8,CZMT,1054921,PDT,PST,
ZMU,Mundare,MUNDARE AGDM,AB,Auto,53.566667,-112.3,683,CZMU,71354,3014665,MDT,MST
ZOC,A�roport de Old Crow,OLD CROW AIRPORT RCS,YT,Auto,67.566667,-139.85,251,CZOC,71044,2100805,PDT,PST
ZOL,Oliver,OLIVER AGDM,AB,Auto,53.65,-113.35,665,CZOL,71351,3014921,MDT,MST
ZPC,A�roport de Pincher Creek,Pincher Creek,AB,Auto,49.52043,-113.9971,1189.6,CZPC,71085,3035198,MDT,MST
ZPK,Paulatuk,PAULATUK CS,NT,Auto,69.35,-124.066667,6.3,CZPK,71984,2203058,MDT,MST
ZPS,Prentiss,PRENTISS,AB,Auto,52.433333,-113.6,965,CZPS,71353,3025297,MDT,MST
ZRP,Rea Point,RAE POINT,NU,Auto,75.366667,-105.716667,15,CZRP,71983,2403450,MDT,MST
ZSJ,A�roport de Sandy Lake,Sandy Lake,ON,Auto,53.06418,-93.34438,289.9,CZSJ,71587,6017401,CDT,CST
ZSM,Fort Smith,FORT SMITH CLIMATE,NT,Auto,60.033333,-111.933333,203,CZSM,71362,2202202,MDT,MST
ZSP,St. Peters,St. Peters  RCS,PE,Auto,46.45,-62.583333,29.7,CZSP,71310,8300562,ADT,AST
ZST,A�roport de Stewart,Stewart,BC,Manned/Auto,55.93339,-129.9852,7.3,CZST,71955,1067741,PDT,PST
ZTB,Thunder Bay,"THUNDER BAY CS, ONTARIO",ON,Auto,48.366667,-89.316667,199,CZTB,71667,6048268,EDT,EST
ZUB,Tuktoyaktuk,TUKTOYAKTUK A,NT,Auto,69.433333,-133.016667,4.6,CZUB,71985,2203914,MDT,MST
ZUM,Churchill Falls,Churchill Falls,NL,Auto,53.56194,-64.10639,439.5,CZUM,71002,8501131,ADT,AST
ZVL,Villeneuve,Edmonton/Villeneuve,AB,Auto,53.66833,-113.85555,687.6,CZVL,71664,3012229,MDT,MST
ZVM,Qikiqtarjuaq,Qikiqtarjuaq Climate,NU,Auto,67.533333,-64.016667,5.06,CZVM,71357,2400573,EDT,EST
ZWN,BFC Wainwright,WAINWRIGHT CR10,AB,Auto,52.816667,-111.1,686.25,CZWN,71118,301s001,MDT,MST
ZZJ,Edson,EDSON CR10,AB,Auto,53.583333,-116.466667,927,CZZJ,71156,3062246,MDT,MST
